.pred,rented_bike_count,temperature_c,humidity_percent,wind_speed_m_s,hour,seasons,holiday
331.35470923951596,360,-0.5,21,1.3,11,Winter,No Holiday
867.147115344233,862,0.6,66,1.4,18,Winter,No Holiday
14.607695945195818,323,-1.3,84,1,23,Winter,No Holiday
-442.8038042613661,89,-3.8,79,2,4,Winter,No Holiday
368.786754714676,219,-4.2,79,2.1,8,Winter,No Holiday
321.71063661783944,479,4.3,41,1.3,12,Winter,No Holiday
460.45839420444815,589,7.6,41,2.3,15,Winter,No Holiday
686.4132646244735,572,6,51,2.5,17,Winter,No Holiday
1086.1377275088305,489,5.5,53,1.5,18,Winter,No Holiday
700.8206711732917,377,4.1,55,1.2,21,Winter,No Holiday
368.29377630871886,366,4,56,1,23,Winter,No Holiday
460.52833887423844,397,5.2,87,1.4,20,Winter,No Holiday
446.4945846759231,385,4.7,87,1.2,21,Winter,No Holiday
-88.06372812225668,186,4.3,87,0.5,1,Winter,No Holiday
222.27760263014972,498,0.2,68,3.4,7,Winter,No Holiday
238.292091504396,393,-0.3,38,4.8,12,Winter,No Holiday
296.6886855538919,391,0,30,5.4,13,Winter,No Holiday
330.35073396854716,338,0.1,27,4.5,14,Winter,No Holiday
727.3321756820393,515,-1.3,26,5.3,17,Winter,No Holiday
500.1723981540363,353,-5.3,45,2.5,22,Winter,No Holiday
-67.05656752303275,124,-6.8,41,2.5,2,Winter,No Holiday
343.55568702484345,381,-7.5,33,2.2,7,Winter,No Holiday
293.4240919916459,325,-1.6,27,0,13,Winter,No Holiday
301.3377869728521,334,-1.1,28,0,14,Winter,No Holiday
1014.6980728020192,789,-2.6,40,0,18,Winter,No Holiday
609.7937050038447,418,-3.5,46,0,20,Winter,No Holiday
526.5225916211116,393,-2.8,49,0,22,Winter,No Holiday
198.2524320640362,244,-2.5,59,0,23,Winter,No Holiday
-296.0115534101597,117,-3,79,0,2,Winter,No Holiday
60.84834196650041,440,-3.3,70,0,9,Winter,No Holiday
568.3058341291427,239,4.1,60,2.5,17,Winter,No Holiday
313.0121379905021,190,1.2,94,0.6,20,Winter,No Holiday
-192.81372887260136,218,1.5,92,0.4,1,Winter,No Holiday
-361.2438609540929,102,1.9,91,1.4,3,Winter,No Holiday
333.67023575057385,394,4.1,37,3.1,13,Winter,No Holiday
428.4895980687485,430,4,35,3.1,15,Winter,No Holiday
632.8871780986763,402,-2.2,46,2.2,21,Winter,No Holiday
254.8454309418135,259,-3.2,50,2.1,23,Winter,No Holiday
157.36073306528863,233,-3.5,49,2.6,0,Winter,No Holiday
-282.0341077409651,84,-5.8,56,2,5,Winter,No Holiday
167.17781452586252,387,-6.5,57,0.8,7,Winter,No Holiday
474.98300834935606,780,-7,59,0.8,8,Winter,No Holiday
712.6098987861579,384,-3.3,34,1.5,20,Winter,No Holiday
702.5972189916804,336,-3.3,35,0.5,21,Winter,No Holiday
-201.12421043963434,96,-4.3,49,0.7,4,Winter,No Holiday
288.0100415810084,427,2.4,40,0.8,12,Winter,No Holiday
1119.7388084833663,384,2.5,41,1,18,Winter,No Holiday
764.5702350385263,275,1.5,48,0.4,19,Winter,No Holiday
1.031180874342656,243,0.2,52,0.7,2,Winter,No Holiday
-230.8167044542539,58,0.9,92,0.9,11,Winter,No Holiday
276.0745647293619,214,5.4,71,3.5,16,Winter,No Holiday
938.2508768330053,210,2,61,3,18,Winter,No Holiday
262.44102874968644,125,-2.5,39,3.4,0,Winter,No Holiday
24.522043444965224,136,-5.9,39,2.9,6,Winter,No Holiday
158.79217705620238,241,-5.4,32,5.1,13,Winter,No Holiday
-136.58400578538223,127,-11.2,51,1.1,1,Winter,No Holiday
531.5321769309364,260,-8.4,42,1,20,Winter,No Holiday
-348.68989382442663,79,-10.9,55,1.8,3,Winter,No Holiday
168.34865139795727,267,-6.5,30,2.9,12,Winter,No Holiday
172.38198542477318,174,-9.2,44,0.4,23,Winter,No Holiday
16.733348123218807,171,-9.5,50,0.6,0,Winter,No Holiday
67.68614448046662,279,-10.9,57,1.1,7,Winter,No Holiday
702.4843259021749,410,-4.2,40,0.9,19,Winter,No Holiday
152.71792226266405,309,-2.5,43,0.7,12,Winter,No Holiday
740.6397443510037,320,0.9,42,1.2,20,Winter,No Holiday
213.3590509394656,247,-1.3,60,2.5,23,Winter,No Holiday
-273.5341627933538,228,-4.1,73,2.1,2,Winter,No Holiday
370.245334412853,291,-3.3,22,5,15,Winter,No Holiday
473.5756672524311,258,-3.3,24,3.5,16,Winter,No Holiday
656.8572274296326,277,-4.6,26,2.6,17,Winter,No Holiday
-244.574374439636,41,-9.5,40,1.9,4,Winter,No Holiday
207.2944671928728,53,-10.2,42,2.3,7,Winter,No Holiday
55.584987011858686,142,-8.5,31,1.5,10,Winter,No Holiday
246.64714501681306,216,-4.9,25,2.6,12,Winter,No Holiday
266.40394420892574,268,-3.2,26,3.1,14,Winter,No Holiday
546.5669058437658,168,-6.5,45,0.7,21,Winter,No Holiday
-224.43063955067825,38,-5,65,0.4,2,Winter,No Holiday
-33.263570394590715,96,-5,85,0.7,7,Winter,No Holiday
156.99582474850706,181,1.8,76,0.8,16,Winter,No Holiday
519.1936654575844,148,2.8,73,2.4,21,Winter,No Holiday
292.12130723187784,189,-2.2,25,3.2,13,Winter,No Holiday
449.32612287645793,211,-1.8,31,3.1,16,Winter,No Holiday
625.4407189813011,256,-2.7,35,1.8,17,Winter,No Holiday
602.1030847190328,276,-4.5,51,2,19,Winter,No Holiday
418.83639627838534,190,-1.5,81,1.8,19,Winter,No Holiday
329.1224699955784,197,-2,83,1.2,21,Winter,No Holiday
-355.31143547188674,132,-2.2,88,1.4,2,Winter,No Holiday
273.3990442033228,285,3.2,42,1.8,13,Winter,No Holiday
416.6102189804467,301,4.1,51,1.8,16,Winter,No Holiday
908.7951485554449,531,1.7,64,1.3,18,Winter,No Holiday
474.49200271207224,288,0.2,72,0.7,20,Winter,No Holiday
20.152002379066033,298,0.3,67,0.7,9,Winter,Holiday
-142.88045314094643,248,1.4,64,1,10,Winter,Holiday
-34.065730178916425,278,3.1,57,0.8,11,Winter,Holiday
86.23915082941622,326,5.9,55,0.6,14,Winter,Holiday
567.6649482347809,481,5.2,64,0.7,19,Winter,Holiday
42.19565244869017,337,5.7,75,1.7,1,Winter,No Holiday
-236.3575762530063,120,5.3,79,0.9,4,Winter,No Holiday
-30.95897448312979,282,5.7,81,1.1,11,Winter,No Holiday
550.8817190054889,279,5.6,77,0.9,21,Winter,No Holiday
-129.3341396855922,251,5.6,78,0.5,1,Winter,Holiday
-356.63395934725634,149,5.2,82,0.8,3,Winter,Holiday
-409.3040536117811,79,5.2,82,0.7,4,Winter,Holiday
-261.406543650907,7,3.7,90,0.7,13,Winter,Holiday
612.5220845142352,128,1.9,82,4.3,18,Winter,Holiday
375.79517651059064,116,0.6,67,3.3,20,Winter,Holiday
70.6587683034812,128,0,63,3.2,23,Winter,Holiday
-278.08549502521294,100,-2.3,52,3.4,3,Winter,Holiday
-339.6218067633069,32,-3.7,51,2.6,5,Winter,Holiday
498.82710581408,94,-4.9,44,3,8,Winter,Holiday
143.28672293438436,274,-0.4,31,2,14,Winter,Holiday
388.02845455290185,272,0.4,27,2,16,Winter,Holiday
947.1000469151265,237,-1.6,33,2,18,Winter,Holiday
600.582065342707,184,-1.8,41,2.1,19,Winter,Holiday
457.13509834864146,185,-1.7,51,1.7,21,Winter,Holiday
590.992773388513,220,-6.6,39,3.2,21,Winter,No Holiday
-72.68775699196766,93,-8.6,37,1.5,2,Winter,No Holiday
-177.54604312996025,55,-9.1,33,2.3,4,Winter,No Holiday
666.4299619265249,314,-4.2,26,2.2,17,Winter,No Holiday
278.8168271870948,216,-6.3,39,0.9,23,Winter,No Holiday
66.9988747443702,169,-6.6,39,1.4,1,Winter,No Holiday
-44.293464490087445,61,-5.7,28,1.2,5,Winter,No Holiday
232.4179198485981,286,-0.8,38,1,12,Winter,No Holiday
186.44995871204662,301,0.8,46,1.4,13,Winter,No Holiday
873.3249942165501,552,-0.6,62,1.6,18,Winter,No Holiday
546.266587939335,332,-0.2,62,0.6,21,Winter,No Holiday
-64.09369797399125,128,0.8,68,0.6,6,Winter,No Holiday
231.86633420748922,419,5.7,54,3.5,14,Winter,No Holiday
84.39467175697683,236,0.3,80,0.8,23,Winter,No Holiday
-162.9403929137973,234,-0.5,83,0.7,1,Winter,No Holiday
-291.4289938307316,192,-0.9,84,0.6,2,Winter,No Holiday
-386.0106229056122,52,-1.2,81,0.8,5,Winter,No Holiday
105.14577956419038,274,3.2,64,0.8,12,Winter,No Holiday
-388.7155440738761,43,0.5,95,2.1,1,Winter,Holiday
-559.1860815340266,22,-0.8,85,2.8,5,Winter,Holiday
-130.53319439182596,142,0.8,62,2.8,11,Winter,Holiday
159.29708082409903,267,2.5,36,3.7,13,Winter,Holiday
344.9223553714203,300,3.1,25,3.9,15,Winter,Holiday
-20.317897257222995,230,-3.3,41,0.7,1,Winter,Holiday
-378.7875180141823,62,-4.2,53,1.1,4,Winter,Holiday
286.44126946054257,225,1.5,20,2.8,12,Winter,Holiday
276.20681502136983,248,2.4,22,2.3,13,Winter,Holiday
294.04611857703924,298,3.7,24,2.1,14,Winter,Holiday
327.3478269248882,344,3,27,2.9,15,Winter,Holiday
992.9082285955221,218,0.8,34,1.9,18,Winter,Holiday
584.492510250945,206,-0.3,40,1.2,20,Winter,Holiday
534.4445067674558,203,-0.9,44,1.2,21,Winter,Holiday
138.61443115183542,154,-1.6,51,0.7,23,Winter,Holiday
26.87962762025683,108,-2.1,56,0.8,1,Winter,No Holiday
-145.50111571542035,139,-3.2,67,0.4,6,Winter,No Holiday
141.46462703624235,344,-3.2,69,0.5,7,Winter,No Holiday
98.54743226365105,315,-3.1,66,0.2,9,Winter,No Holiday
1185.8845571716208,675,-0.8,24,2.3,18,Winter,No Holiday
643.5310450256925,273,-3.4,33,2.4,22,Winter,No Holiday
78.1969055637739,130,-5,42,1.2,1,Winter,No Holiday
197.25302992303847,342,-6.8,44,1.7,9,Winter,No Holiday
60.30662065663279,213,-5.6,38,2.9,10,Winter,No Holiday
243.17722822616895,279,-2.2,31,2.3,13,Winter,No Holiday
490.77553733285856,299,-0.4,30,2,16,Winter,No Holiday
613.9856301047691,294,-3.9,44,2.5,20,Winter,No Holiday
576.3855005421052,335,-4.3,47,2.8,21,Winter,No Holiday
437.1651412481982,291,-5.2,53,1.3,22,Winter,No Holiday
-79.8624964274972,120,-7.6,47,2.3,6,Winter,No Holiday
181.79767417258125,302,-8.1,51,0.5,7,Winter,No Holiday
435.06432622151726,309,-1.4,34,1.8,16,Winter,No Holiday
681.7348908270019,311,-2.8,39,1.7,20,Winter,No Holiday
106.36635216972059,202,-4.7,52,1.8,0,Winter,No Holiday
-257.1953101316768,75,-5.1,55,1.5,5,Winter,No Holiday
227.25038731830222,327,-5.3,53,1.1,7,Winter,No Holiday
487.5423349171475,329,1,34,2.9,16,Winter,No Holiday
115.65574962171445,184,-4.3,52,1.6,0,Winter,No Holiday
-236.59609453544533,103,-5.6,56,1,3,Winter,No Holiday
188.27680495565482,245,-1.6,35,2.1,11,Winter,No Holiday
355.4285051906826,370,1.8,29,2,14,Winter,No Holiday
619.7461428230189,214,-2.5,47,0.8,21,Winter,No Holiday
256.68712173365367,169,-3.2,50,0.8,23,Winter,No Holiday
161.6677389711282,192,-3.8,48,0.7,0,Winter,No Holiday
301.24725187288936,265,1.4,34,0.8,13,Winter,No Holiday
784.2585500761945,233,1.3,38,0.4,20,Winter,No Holiday
765.6692296931448,701,0.7,45,0.7,8,Winter,No Holiday
432.34070471651523,146,0.7,77,6.7,21,Winter,No Holiday
426.27264113200545,149,0.1,68,4.6,22,Winter,No Holiday
55.654922833845376,100,-1.2,67,4.6,0,Winter,No Holiday
-290.06443861650996,38,-4.3,59,4.4,4,Winter,No Holiday
177.42852912017298,245,-5.9,57,3.1,7,Winter,No Holiday
452.2488684051858,554,-6,64,3.2,8,Winter,No Holiday
138.04800809118206,265,-1.8,45,3.7,14,Winter,No Holiday
834.6142395758395,558,-3.8,58,1.7,18,Winter,No Holiday
-212.22555405175203,78,-5.6,75,1.7,1,Winter,No Holiday
23.180362074633255,158,-8,70,1.8,7,Winter,No Holiday
-94.93582050315494,150,-6.9,53,3.2,10,Winter,No Holiday
69.1677009699788,217,-5.6,44,4.5,12,Winter,No Holiday
123.93707744691312,177,-5.3,37,5.3,14,Winter,No Holiday
375.50808031763165,196,-5.4,30,3.9,16,Winter,No Holiday
350.461632400888,165,-9.7,51,2.8,22,Winter,No Holiday
-432.45878840354055,33,-11.5,57,2.3,4,Winter,No Holiday
3.570584367128479,227,-12,53,2.6,9,Winter,No Holiday
-57.55594881893563,146,-10.2,41,3.5,11,Winter,No Holiday
-241.54399173890042,83,-13.8,43,2.6,2,Winter,No Holiday
-394.6380142703556,30,-14.3,45,2,4,Winter,No Holiday
-386.82407786413967,35,-14.6,45,1.1,5,Winter,No Holiday
49.068046430106506,196,-14.9,40,1.2,9,Winter,No Holiday
5.185746756521443,140,-11.2,31,2.4,11,Winter,No Holiday
125.25102625633792,177,-8.2,29,2,13,Winter,No Holiday
294.3536405440785,144,-6.7,36,1.3,23,Winter,No Holiday
-47.41396147212404,145,-6.4,40,0.9,2,Winter,No Holiday
-139.25683489930708,77,-6.5,42,0.7,3,Winter,No Holiday
-249.74241455731658,40,-6.3,51,0.8,5,Winter,No Holiday
421.57505609407576,167,-3.3,76,0.8,19,Winter,No Holiday
-437.3830514793733,29,-4.2,79,1.2,5,Winter,No Holiday
110.33457323646599,226,1.2,58,0.8,12,Winter,No Holiday
319.5676569038943,353,4.6,50,0.9,15,Winter,No Holiday
767.3958221162013,208,3.9,54,1.1,19,Winter,No Holiday
690.6544333418921,210,3.5,55,1,20,Winter,No Holiday
86.63147585857297,303,3.9,86,1.7,9,Winter,No Holiday
-4.955052062506862,254,4.7,75,2.3,11,Winter,No Holiday
481.9149229894721,349,7.4,38,1.7,15,Winter,No Holiday
611.6146391275548,365,7.5,37,0.9,16,Winter,No Holiday
786.8815783872462,444,4.4,53,1.2,19,Winter,No Holiday
584.5619401780799,650,1.2,68,0.6,8,Winter,No Holiday
66.44573438088429,221,2.7,60,0.5,10,Winter,No Holiday
250.04759892537425,276,5.2,52,1.2,12,Winter,No Holiday
464.53084169727026,277,5.8,50,0.9,16,Winter,No Holiday
612.2205636995426,381,5.2,58,0.8,17,Winter,No Holiday
758.1885484971913,409,4.6,57,1,19,Winter,No Holiday
688.3433735506527,332,4.5,58,0.8,20,Winter,No Holiday
82.0693229288375,183,3.3,64,0.4,1,Winter,No Holiday
486.9143165357667,314,8.3,54,1.2,16,Winter,No Holiday
655.1307866449275,360,4.2,68,2.4,19,Winter,No Holiday
519.4200522701207,320,3.1,74,1.1,21,Winter,No Holiday
425.7561271672648,269,4.2,36,2.3,15,Winter,No Holiday
822.3091688962081,365,1.5,41,1,19,Winter,No Holiday
728.4030759853005,303,1.1,44,1.2,20,Winter,No Holiday
709.794160093661,339,0.8,45,1.5,21,Winter,No Holiday
-16.203978403769096,93,-0.6,43,1.7,3,Winter,No Holiday
35.26069760817711,151,-1.8,49,1.4,6,Winter,No Holiday
263.98680627678306,255,0,29,1.3,10,Winter,No Holiday
401.50714592917905,283,2.2,20,0.6,11,Winter,No Holiday
544.7009819969804,381,5.4,25,2.4,15,Winter,No Holiday
672.9156572293923,342,1.2,51,0.6,20,Winter,No Holiday
242.00771739746955,236,-0.5,59,0.9,23,Winter,No Holiday
663.910700407046,377,5.7,53,1.8,17,Winter,No Holiday
898.0452824782262,383,3.8,20,1.3,17,Winter,No Holiday
951.2987216793185,223,1.3,25,1.3,19,Winter,No Holiday
724.1062273469436,207,-0.3,32,0.7,22,Winter,No Holiday
270.67646590741714,97,-0.2,32,0.7,1,Winter,No Holiday
38.40338234261898,31,0,32,0.4,4,Winter,No Holiday
51.271841784765456,60,0,32,0.7,5,Winter,No Holiday
843.2393960133395,683,-0.7,32,0.5,8,Winter,No Holiday
366.1883157467587,281,3.9,33,0.6,13,Winter,No Holiday
67.8721590742341,18,2,87,1.9,16,Winter,No Holiday
230.900075678679,43,1.3,93,1.2,17,Winter,No Holiday
340.0521035003213,181,-0.8,85,2.9,20,Winter,No Holiday
-119.2223410055411,96,-5.3,77,3.8,0,Winter,No Holiday
-323.303062540046,45,-9.5,49,4.3,4,Winter,No Holiday
115.31330918065635,228,-13.3,36,3.5,9,Winter,No Holiday
-53.41247495485979,132,-12.1,34,3.5,10,Winter,No Holiday
69.11543747331774,169,-10.4,30,4.3,14,Winter,No Holiday
465.01882695510653,248,-12,47,3.2,19,Winter,No Holiday
352.68819446297107,178,-12.5,52,3,20,Winter,No Holiday
-279.10502191155257,34,-15.6,29,3.7,5,Winter,No Holiday
-111.86126959281927,71,-15.7,29,2.5,6,Winter,No Holiday
509.43590006070565,364,-16.2,30,1.6,8,Winter,No Holiday
67.50610862946411,140,-12,25,6,13,Winter,No Holiday
87.54257151164882,125,-11.1,26,3.8,14,Winter,No Holiday
440.1170267820596,125,-14.3,37,1.3,20,Winter,No Holiday
-349.1501611676107,34,-15.8,37,2.7,5,Winter,No Holiday
485.7848064062699,349,-16.4,32,3.3,8,Winter,No Holiday
-4.692903928787697,122,-13.8,25,3.5,11,Winter,No Holiday
177.77096298341633,130,-9.7,28,3.7,15,Winter,No Holiday
374.479986535324,113,-14.6,35,2.5,22,Winter,No Holiday
-287.0571676829271,41,-15.9,34,2.9,3,Winter,No Holiday
388.43814888402767,322,-17.8,40,2.5,8,Winter,No Holiday
-143.96762162583374,96,-16.5,33,3.4,10,Winter,No Holiday
-9.23770459727643,111,-14.4,30,2.7,12,Winter,No Holiday
333.62241976934183,108,-14.6,40,1.8,22,Winter,No Holiday
-432.1928415879537,36,-15.3,47,0.8,4,Winter,No Holiday
-404.41119311098254,25,-15.4,45,0.8,5,Winter,No Holiday
-250.9624629048938,33,-15.3,47,0.7,6,Winter,No Holiday
282.8263450536617,84,-15.9,58,0.9,8,Winter,No Holiday
-30.621958812620047,105,-15.1,49,1.1,9,Winter,No Holiday
256.06851132452834,193,-4.1,25,2,14,Winter,No Holiday
596.0524853386502,103,-7.9,35,2.6,21,Winter,No Holiday
224.01257744281116,103,-7.6,42,1.2,23,Winter,No Holiday
-172.4202002523291,72,-7.8,51,1.9,2,Winter,No Holiday
-226.42231485991212,67,-7.7,49,1.8,3,Winter,No Holiday
-127.09498831249078,21,-7.5,33,1.5,5,Winter,No Holiday
197.97089462125592,81,-8.7,42,2.1,23,Winter,No Holiday
-71.86673426694577,62,-9.8,47,1.3,1,Winter,No Holiday
389.4295896953116,195,-5.5,28,4.3,16,Winter,No Holiday
541.5415649824727,182,-7.7,42,2.9,21,Winter,No Holiday
462.5102734028328,172,-8.8,40,3,22,Winter,No Holiday
-13.118192966586431,170,-7.5,42,0.9,10,Winter,No Holiday
147.70546087816138,238,-1.1,46,2.1,14,Winter,No Holiday
331.62655288572887,59,-1.7,91,1.1,19,Winter,No Holiday
275.77242434954326,72,-1.5,91,1.7,20,Winter,No Holiday
248.27466122471964,73,-1.7,85,1.2,22,Winter,No Holiday
-252.4826468811239,63,-3.1,80,0.7,6,Winter,No Holiday
349.3831222766145,273,-3.6,83,1.7,8,Winter,No Holiday
370.1540130916469,214,-0.5,30,2.3,15,Winter,No Holiday
779.1523342843122,270,-2.2,36,2.2,19,Winter,No Holiday
709.3641095701363,229,-2.6,36,3.1,20,Winter,No Holiday
657.9297833769828,229,-3.4,40,0.9,21,Winter,No Holiday
-31.95568887107188,149,-5.4,54,1.7,1,Winter,No Holiday
-137.65838852568024,103,-5.5,53,2.1,2,Winter,No Holiday
-324.3139320286206,37,-7.1,56,1.8,4,Winter,No Holiday
323.4413054447966,233,0.3,28,3.1,13,Winter,No Holiday
716.8421787451181,263,-2.4,36,1,20,Winter,No Holiday
602.5688518861097,257,-3.2,47,1.8,21,Winter,No Holiday
474.94635537833256,235,-3.9,52,1.2,22,Winter,No Holiday
-189.83048103289357,102,-5.7,59,0.3,2,Winter,No Holiday
278.3551832511323,303,0.9,37,1.5,12,Winter,No Holiday
411.7759274244935,293,3.2,26,2.2,14,Winter,No Holiday
814.2520789986786,382,2,25,2.3,17,Winter,No Holiday
109.46905366702396,178,-2.6,69,2,23,Winter,No Holiday
13.045572480316853,182,-2.5,69,2.2,0,Winter,No Holiday
-336.0772396139994,123,-3.4,82,4.2,2,Winter,No Holiday
-444.31520011915313,35,-5.6,74,4,4,Winter,No Holiday
-48.39491746487667,144,-8.5,43,4,10,Winter,No Holiday
581.2896102551575,211,-5.6,32,4.6,17,Winter,No Holiday
57.039606493445945,34,-12.4,54,2.5,7,Winter,No Holiday
9.60420025989291,97,-12.4,51,3.8,9,Winter,No Holiday
233.631240503311,190,-6.4,30,4.9,15,Winter,No Holiday
-161.55188511680902,52,-11.2,54,1,1,Winter,No Holiday
-109.08264040429896,110,-11.5,40,2.3,6,Winter,No Holiday
160.02523685593314,227,-11.6,44,1.6,7,Winter,No Holiday
19.331764113837924,123,-9.6,32,3.7,10,Winter,No Holiday
96.19767562658342,156,-8.5,27,4.7,11,Winter,No Holiday
418.06566935300464,199,-5.4,25,3.4,16,Winter,No Holiday
596.8985551019176,225,-6.4,28,4.5,17,Winter,No Holiday
494.04555865517193,438,-12.7,41,3.1,8,Winter,No Holiday
289.28809583939324,171,-5.9,25,3.1,15,Winter,No Holiday
628.6385152856237,251,-8.4,37,4,19,Winter,No Holiday
-20.916189827673772,116,-12.3,47,0.4,0,Winter,No Holiday
-417.1919564229644,45,-13,53,0.7,5,Winter,No Holiday
30.521823012844695,237,-12,50,1.3,9,Winter,No Holiday
123.58391218285487,176,-7,28,3.3,11,Winter,No Holiday
561.9440324253031,240,-1.7,18,2,16,Winter,No Holiday
368.07759232342244,253,0.9,25,2.4,14,Winter,No Holiday
282.28121984434296,195,-4.3,44,0.7,23,Winter,No Holiday
194.0012117101905,199,-1.3,34,0.5,10,Winter,No Holiday
206.51058985583478,193,2,70,0.7,23,Winter,No Holiday
-65.88431825154234,223,1.8,73,2.8,10,Winter,No Holiday
402.7420989596734,286,2.2,24,4.5,14,Winter,No Holiday
587.3001177137091,128,-6.2,32,3.5,22,Winter,No Holiday
301.59014164910997,118,-6.7,35,2.1,23,Winter,No Holiday
64.66264135250935,95,-7,38,2.6,1,Winter,No Holiday
670.4837706986033,81,-9.4,29,1.9,8,Winter,No Holiday
380.81015620400785,127,-5.7,67,2.6,20,Winter,No Holiday
-29.43959305072701,109,-9.5,36,1.5,6,Winter,No Holiday
161.7960364187473,161,-6.7,23,2.4,10,Winter,No Holiday
192.54604897056902,202,-4.6,32,4.2,12,Winter,No Holiday
417.09397438227484,239,-2.4,33,4.5,16,Winter,No Holiday
918.9933069766148,475,-4.4,46,3.5,18,Winter,No Holiday
584.7271750273122,340,-4.9,52,2,19,Winter,No Holiday
397.68618673085246,568,-7.1,68,0.6,8,Winter,No Holiday
173.8555640637477,252,-0.3,40,3.4,11,Winter,No Holiday
304.0432793325778,211,2.4,59,3.2,23,Winter,No Holiday
147.8431491986404,178,2,65,2.2,0,Winter,No Holiday
269.06813785093993,326,3.9,64,2.9,9,Winter,No Holiday
76.06763573882887,241,5.2,65,3.9,10,Winter,No Holiday
158.9505662800193,312,6.9,67,3.9,12,Winter,No Holiday
424.08608192749625,461,8.7,48,4.1,15,Winter,No Holiday
627.5586823373691,447,8,36,3.5,16,Winter,No Holiday
841.7847875063997,484,6.6,34,2.8,17,Winter,No Holiday
1235.025455330023,559,5.1,34,2.3,18,Winter,No Holiday
878.4483867736935,216,1.7,27,3.1,21,Winter,No Holiday
173.69757918039343,126,-0.7,37,3.5,0,Winter,Holiday
51.34994386424316,123,-1.1,38,2.8,1,Winter,Holiday
-105.32288119415202,74,-1.4,34,2.1,3,Winter,Holiday
290.6609626191919,174,1.7,20,3,12,Winter,Holiday
-125.18317257744656,47,-4.1,38,1.2,2,Winter,Holiday
-197.41120801144586,36,-4.4,37,1.7,3,Winter,Holiday
201.15718337473234,48,-4.3,33,0.7,9,Winter,Holiday
312.55508377187425,137,2.2,19,1.4,12,Winter,Holiday
-55.29488310125177,56,-3.8,30,3.9,2,Winter,Holiday
559.571588808673,145,-2.1,38,2,20,Winter,Holiday
551.5840373034328,133,-2.3,38,2.3,21,Winter,Holiday
290.30182321956374,99,-3.6,33,1.7,0,Winter,No Holiday
166.75130269114658,103,-4.4,33,1.4,1,Winter,No Holiday
-5.0260281027875315,22,-4,28,0.5,5,Winter,No Holiday
142.92799224260887,38,-4.1,30,1.1,6,Winter,No Holiday
494.46952591762295,337,3.7,17,1.4,13,Winter,No Holiday
1257.5775718937086,310,2.8,25,3,18,Winter,No Holiday
706.0915120756497,191,-0.3,34,1.6,22,Winter,No Holiday
346.91683778703225,347,-0.6,43,0.5,9,Winter,No Holiday
312.84365027609,361,4.7,43,2.1,12,Winter,No Holiday
804.4981159762863,522,5.7,36,3,17,Winter,No Holiday
18.97268579446123,177,0,75,2.3,0,Winter,No Holiday
-248.2655481795781,164,-2.1,82,1.8,6,Winter,No Holiday
218.8216595706686,384,-1.4,56,1.4,9,Winter,No Holiday
108.44173418954847,159,-4,34,3.4,6,Winter,No Holiday
726.7220958966908,718,-4.3,36,1.9,8,Winter,No Holiday
398.71607153025934,373,-3.8,28,1.7,9,Winter,No Holiday
513.473954284627,365,3.3,14,2.9,14,Winter,No Holiday
714.3135431330555,409,3.7,14,3.9,16,Winter,No Holiday
929.1037279347797,469,3.1,14,3.7,17,Winter,No Holiday
-233.1073929777629,66,-2.4,58,0.3,4,Winter,No Holiday
644.5388446007254,465,4.6,52,3.9,17,Winter,No Holiday
1021.4622249653423,730,3.9,56,4,18,Winter,No Holiday
167.7820514587504,304,6.7,64,2,13,Winter,No Holiday
256.02196280515284,312,7.8,57,2.1,14,Winter,No Holiday
446.52448510264423,291,5.7,81,2.5,22,Winter,No Holiday
198.78175512268018,243,5.5,80,2.7,23,Winter,No Holiday
-63.03889855846771,263,4,83,1.7,1,Winter,No Holiday
-172.53628580437748,197,3.7,82,1.6,2,Winter,No Holiday
-322.69821867953743,63,2.7,82,2.8,4,Winter,No Holiday
147.86163398633232,298,2.2,50,2.4,11,Winter,No Holiday
348.29381992857,363,4,37,1.4,12,Winter,No Holiday
429.06389647335493,412,5.3,29,2.1,13,Winter,No Holiday
828.5579303559066,233,1.1,32,1.4,20,Winter,No Holiday
406.5865138984061,187,-0.6,39,1.3,23,Winter,No Holiday
151.73161107770164,189,-1.4,43,0.6,1,Winter,No Holiday
126.52348550706483,135,-0.9,60,0.7,0,Winter,No Holiday
-159.06716456656434,80,-1.7,66,0.8,2,Winter,No Holiday
-348.32152495166906,65,-2.5,73,0.8,5,Winter,No Holiday
533.957398906031,786,-2.9,63,0.7,8,Winter,No Holiday
251.39409534211245,416,-1.1,53,0.9,9,Winter,No Holiday
518.4908838789414,444,8.1,26,1.2,13,Winter,No Holiday
571.9889681851099,455,9.9,25,1.5,14,Winter,No Holiday
922.1209962148037,646,8.7,30,3.1,17,Winter,No Holiday
221.73978478781243,213,2.1,44,0.9,1,Winter,No Holiday
82.34389599061615,183,0.6,50,0.4,6,Winter,No Holiday
188.4795286467583,261,3.3,47,0.7,10,Winter,No Holiday
283.9963665532679,342,4.8,41,0.8,11,Winter,No Holiday
383.73084113284483,402,6.7,48,0.8,15,Winter,No Holiday
11.5528931273189,7,4.8,87,2.9,15,Winter,No Holiday
391.57744184213425,19,2.5,95,1.9,19,Winter,No Holiday
328.77014924581556,8,2.7,96,1.5,20,Winter,No Holiday
-16.31686436021843,23,1.8,96,1.2,23,Winter,No Holiday
-38.21970748841579,71,2,96,1.3,0,Spring,Holiday
-148.74309320589998,147,2.1,97,0.2,1,Spring,Holiday
-347.365064234923,92,1.6,97,2.3,3,Spring,Holiday
-179.7637302416245,33,3,96,2.7,6,Spring,Holiday
131.82265208386534,191,0.1,53,5.3,10,Spring,Holiday
343.7317657349241,358,1.4,37,4,13,Spring,Holiday
1120.6943785131202,317,-0.8,40,4.7,18,Spring,Holiday
290.3793752008187,190,-4,52,3.4,23,Spring,Holiday
28.37601229569839,49,-5.7,50,1.7,3,Spring,No Holiday
607.6916875231408,388,1.8,26,2.2,12,Spring,No Holiday
1022.1377497391726,427,1.2,35,2.5,20,Spring,No Holiday
909.6121212907939,414,0.5,38,0.9,22,Spring,No Holiday
594.0819897818159,218,0.5,34,0.4,0,Spring,No Holiday
735.3468219946467,329,2.2,30,1.5,9,Spring,No Holiday
983.51336430057,1025,14.4,14,1.4,14,Spring,No Holiday
1718.6804585352293,920,13.9,26,1.9,18,Spring,No Holiday
187.08035878230203,118,8.3,91,0.1,1,Spring,No Holiday
42.06326485123928,95,8.3,95,0.3,2,Spring,No Holiday
-68.9773202050968,15,8.8,96,1.2,5,Spring,No Holiday
311.8267390008742,429,10.8,84,1.2,13,Spring,No Holiday
437.53110162141235,468,11.7,81,1.2,15,Spring,No Holiday
776.6653667658736,492,11.8,82,1.7,17,Spring,No Holiday
922.0666774737251,289,11.2,81,2.3,19,Spring,No Holiday
44.56035659697919,9,6.3,89,2.2,2,Spring,No Holiday
-66.9099416236982,2,5.7,92,2,3,Spring,No Holiday
-117.34110758675983,4,5.1,90,2.6,4,Spring,No Holiday
69.4435256464578,20,4.2,87,2,6,Spring,No Holiday
364.0012380378267,85,3.8,87,2.2,7,Spring,No Holiday
632.6428786715153,550,10,44,1.9,14,Spring,No Holiday
1062.987222601681,865,10,43,1.4,17,Spring,No Holiday
909.4980559017943,578,4.3,57,1.3,20,Spring,No Holiday
61.96842840564629,122,0.3,71,0.9,2,Spring,No Holiday
-14.9612559867121,82,0.1,71,0.4,3,Spring,No Holiday
551.9568041998946,289,2.8,45,1.7,0,Spring,No Holiday
288.9534366337797,134,2.6,50,1.3,2,Spring,No Holiday
175.93737146647132,92,2.7,55,1.5,3,Spring,No Holiday
70.37166082507301,49,2.6,61,1.7,4,Spring,No Holiday
995.7212645934835,411,7.9,56,1.4,21,Spring,No Holiday
-156.0266886268485,8,3.3,90,1.3,4,Spring,No Holiday
30.487194361781338,32,3.1,89,0.2,6,Spring,No Holiday
323.0045972064987,64,3,90,0.7,7,Spring,No Holiday
375.7083857870443,405,6.7,65,3.2,13,Spring,No Holiday
612.6239650751427,555,9.2,53,3.3,15,Spring,No Holiday
1184.9005526023202,1091,5.9,68,3.4,18,Spring,No Holiday
415.8510149515177,315,2.8,73,1.8,23,Spring,No Holiday
824.2954174332092,1041,1.8,67,0.7,8,Spring,No Holiday
1320.458618736251,1231,7,55,2,18,Spring,No Holiday
787.8465594153053,537,3.5,69,1.4,21,Spring,No Holiday
703.7581503426319,521,2.9,69,1.2,22,Spring,No Holiday
24.27933045170317,241,1.6,79,0.9,2,Spring,No Holiday
-63.55505537195289,139,1.3,80,0.6,3,Spring,No Holiday
984.1094680927177,829,7.7,46,2.8,17,Spring,No Holiday
451.4628378128619,345,5.1,75,1.4,23,Spring,No Holiday
335.6231373877825,376,5.1,77,1.9,0,Spring,No Holiday
4.825227558543251,115,4.4,80,1.6,3,Spring,No Holiday
369.27215554308606,119,2.9,84,1.9,7,Spring,No Holiday
742.8961588751058,843,10.3,31,2.1,13,Spring,No Holiday
1649.424990869416,776,9.4,22,2.9,18,Spring,No Holiday
1009.2097424940255,752,14.5,34,3.1,16,Spring,No Holiday
1081.7809229050429,801,9.4,50,2.1,20,Spring,No Holiday
702.42644420316,668,7.2,56,0.5,7,Spring,No Holiday
609.8019449622379,571,12.6,49,1.4,11,Spring,No Holiday
839.7138633559651,912,13.5,81,2.8,22,Spring,No Holiday
1103.199953008265,1371,14.2,67,0.9,8,Spring,No Holiday
863.8502912087007,813,19.9,44,2.7,12,Spring,No Holiday
1611.3164856321114,2100,19.2,53,2.4,18,Spring,No Holiday
1173.1339339073509,1275,17.2,60,2.5,20,Spring,No Holiday
985.3366121297059,983,16.2,71,2,22,Spring,No Holiday
368.19354882446095,51,16.5,69,2.4,3,Spring,No Holiday
225.61111325759992,10,14.4,96,0.7,6,Spring,No Holiday
1036.3982703454246,676,10.4,98,2.5,18,Spring,No Holiday
130.80710003829154,85,5.7,62,2.4,4,Spring,No Holiday
595.113823248418,652,3.7,59,2.9,7,Spring,No Holiday
1230.4712808738188,974,8.1,36,1.2,19,Spring,No Holiday
665.6966503888572,455,4.2,47,1.3,23,Spring,No Holiday
393.32416935398265,366,3,52,0.7,1,Spring,No Holiday
232.97147527785086,268,2.3,56,0.6,2,Spring,No Holiday
195.18508024164868,109,0.8,63,1,6,Spring,No Holiday
804.9057609883489,1294,12.1,29,2.3,14,Spring,No Holiday
954.4883902971028,1514,13.2,23,2.8,15,Spring,No Holiday
1509.1878549206444,934,10.6,42,2.8,18,Spring,No Holiday
1134.5904754371213,718,8.8,49,3.2,19,Spring,No Holiday
1000.3533765191694,624,7.4,54,2,21,Spring,No Holiday
615.0751282572757,422,6.4,59,1.1,23,Spring,No Holiday
650.345860944517,881,10.6,43,1.3,13,Spring,No Holiday
1466.2356228327517,365,10.4,47,0.4,18,Spring,No Holiday
1130.2542873566445,237,10,53,1.7,19,Spring,No Holiday
762.8146647322902,70,8.1,76,0.8,22,Spring,No Holiday
419.1562920391247,393,10.2,65,3.3,11,Spring,No Holiday
507.36329518961946,326,10.1,59,3.3,14,Spring,No Holiday
640.5409360630053,271,8.9,63,3,16,Spring,No Holiday
1108.703047938326,818,8.4,51,3.3,19,Spring,No Holiday
1080.7071194149144,711,8.3,47,3.1,20,Spring,No Holiday
743.791011740946,661,5.7,38,3.9,9,Spring,No Holiday
1000.8623055216192,494,2.3,40,3.3,21,Spring,No Holiday
457.01459527144533,223,1.5,40,2.8,1,Spring,No Holiday
550.3699773514899,339,4.8,35,2.1,11,Spring,No Holiday
544.5468581852687,231,1.2,92,0.7,21,Spring,No Holiday
83.7562407446722,247,1.6,85,2,1,Spring,No Holiday
-38.82782600163608,173,1.5,86,2.5,2,Spring,No Holiday
-123.70235411127203,107,1.3,87,1.7,3,Spring,No Holiday
-174.96018319733082,81,1.1,88,0.9,5,Spring,No Holiday
-14.061151873985235,212,0.8,88,1,6,Spring,No Holiday
309.6841330074597,600,0.6,85,1.5,7,Spring,No Holiday
505.5834523578612,565,6.9,46,2.1,11,Spring,No Holiday
779.6419578117129,674,11.4,30,3.1,14,Spring,No Holiday
913.6544285623801,752,10.3,34,3.8,16,Spring,No Holiday
1093.280375213626,999,9.6,38,3.2,17,Spring,No Holiday
1036.1851956821642,923,6.2,54,1.8,19,Spring,No Holiday
934.8883463434656,739,5.1,56,2,20,Spring,No Holiday
-74.7232049937413,95,2.2,79,0.8,5,Spring,No Holiday
714.5560030626218,682,10.9,36,2.1,13,Spring,No Holiday
1037.0213711141541,724,6.7,48,2.6,20,Spring,No Holiday
262.1932956029156,197,5,51,0.8,3,Spring,No Holiday
586.9339183769348,806,10.6,52,3.1,12,Spring,No Holiday
599.2404164517909,855,12.7,55,3.4,14,Spring,No Holiday
641.6898537291844,1025,12.4,58,4.1,15,Spring,No Holiday
891.2806365462313,916,11.1,66,4.2,17,Spring,No Holiday
752.0910269022171,513,7.1,83,3.3,20,Spring,No Holiday
649.3367517055419,460,6.5,85,2.3,22,Spring,No Holiday
97.66977298607843,195,6,82,1.3,2,Spring,No Holiday
695.3547139106494,626,12.7,45,1.3,12,Spring,No Holiday
1578.1473987412483,768,14.4,44,2.7,18,Spring,No Holiday
-24.930695369592566,93,5.4,95,1.5,2,Spring,No Holiday
422.8298228695085,540,7.6,82,0.7,9,Spring,No Holiday
516.3169176068668,422,12.6,60,2.4,11,Spring,No Holiday
1095.6253534059158,798,11.6,54,1.5,21,Spring,No Holiday
335.00280890705903,231,8.1,66,0.6,6,Spring,No Holiday
1157.496115615717,960,18.4,54,3.2,17,Spring,No Holiday
1497.6994985400174,1521,16.8,60,3.1,18,Spring,No Holiday
279.24203744132075,225,11.5,75,1.9,2,Spring,No Holiday
97.02815386353929,107,10.2,80,0.8,5,Spring,No Holiday
537.9967141107768,741,9.6,82,1.1,7,Spring,No Holiday
664.3951307413104,723,12.4,66,1,9,Spring,No Holiday
711.0820274319456,723,17.5,54,3.1,13,Spring,No Holiday
1560.7914737359424,1839,17,53,3.1,18,Spring,No Holiday
1205.1978947237546,1288,16,60,2.8,19,Spring,No Holiday
134.75424335023467,109,12.8,81,0.2,4,Spring,No Holiday
294.17521917069934,274,12.6,83,0.5,6,Spring,No Holiday
571.7104205844654,583,16.1,63,1.2,11,Spring,No Holiday
1231.450783100432,1260,17.5,61,2.2,19,Spring,No Holiday
1103.3469580955696,1079,15.6,64,2.7,20,Spring,No Holiday
622.2946485027745,614,12.7,75,1.6,23,Spring,No Holiday
842.0837599204561,583,16,29,1.4,10,Spring,No Holiday
998.0538112647083,939,19.1,26,1.6,12,Spring,No Holiday
983.4550285679372,948,13.7,73,1.8,21,Spring,No Holiday
285.2908345914994,397,11,73,1.5,2,Spring,No Holiday
612.646023378634,618,14.7,53,0.9,10,Spring,No Holiday
1104.8941381478094,1578,18,32,3,16,Spring,No Holiday
1183.978537321374,1010,13.3,48,1.6,21,Spring,No Holiday
544.1288753546893,566,14.7,61,2,10,Spring,No Holiday
650.9032887700678,737,16.7,55,2.1,11,Spring,No Holiday
745.1761866235728,926,18,53,3.1,12,Spring,No Holiday
1393.832080411094,1296,17.7,75,2.1,18,Spring,No Holiday
895.5893221332739,841,16.7,83,2.4,22,Spring,No Holiday
459.6101963323476,295,16,79,1,1,Spring,No Holiday
1069.730548212971,1469,15.7,75,1.1,8,Spring,No Holiday
861.2177987524417,818,21.9,48,2.5,13,Spring,No Holiday
338.5935575673481,156,17,74,1.7,3,Spring,No Holiday
305.3352624951693,163,16.9,73,1.6,5,Spring,No Holiday
924.5621338205606,1173,19.7,58,3.7,16,Spring,No Holiday
863.6556919414032,1030,16,85,2,22,Spring,No Holiday
289.312897615286,113,14.8,96,1.7,1,Spring,No Holiday
173.190054794332,172,11.7,95,0.7,6,Spring,No Holiday
479.53737547708437,744,12.8,65,2,11,Spring,No Holiday
1108.2550091800501,1374,12.8,56,2,20,Spring,No Holiday
975.5226950480688,1041,10.9,58,1.5,22,Spring,No Holiday
568.8907274647352,436,9.5,61,1.7,0,Spring,No Holiday
175.35285181695494,87,8.8,65,2.5,4,Spring,No Holiday
44.17949537582051,18,8.3,81,2,5,Spring,No Holiday
154.0054174815519,70,7.3,95,2.2,12,Spring,No Holiday
716.5977427200811,75,7.6,96,1.5,19,Spring,No Holiday
233.66435262626902,56,7.2,95,0.9,0,Spring,No Holiday
10.186584891730934,27,7.3,96,1,2,Spring,No Holiday
-134.34338964631405,54,6.3,97,1.7,5,Spring,No Holiday
337.9726651631357,756,6.7,71,4.6,12,Spring,No Holiday
916.8421631701949,776,6.3,50,4.4,17,Spring,No Holiday
813.5771371342371,447,4,67,3,21,Spring,No Holiday
732.093117240909,499,3.9,68,3,22,Spring,No Holiday
-79.90011088868407,122,1.5,82,3.5,3,Spring,No Holiday
619.6220557052145,553,4.7,26,4.8,11,Spring,No Holiday
1404.9793546594751,714,6.4,43,3.7,18,Spring,No Holiday
428.6174892265995,224,2.4,46,1.7,1,Spring,No Holiday
287.4672143766143,191,2.2,49,1.9,2,Spring,No Holiday
134.37319184515923,90,1.7,51,1.3,4,Spring,No Holiday
612.067137637862,170,2.8,88,2.1,21,Spring,No Holiday
539.094635551608,177,2.7,88,2,22,Spring,No Holiday
318.93935533983046,182,2.9,85,0.9,23,Spring,No Holiday
236.09709625354265,197,3.2,84,0.6,0,Spring,No Holiday
95.73474566609829,140,2.8,87,0.8,1,Spring,No Holiday
782.3748008175278,869,12.4,32,1.7,13,Spring,No Holiday
1756.53380415514,2401,14.8,24,1.3,18,Spring,No Holiday
1269.1833810692376,1362,11.7,34,0.9,20,Spring,No Holiday
926.9196887511005,839,18.5,27,1.3,11,Spring,No Holiday
933.2566248851857,1023,20.5,37,4.6,12,Spring,No Holiday
974.7123071535161,967,21.9,34,5.1,13,Spring,No Holiday
1149.4816589014204,1080,20.9,34,5.8,16,Spring,No Holiday
871.0756305438321,75,15.8,83,5.4,22,Spring,No Holiday
499.33974532349185,0,14.4,82,4.6,0,Spring,No Holiday
750.8469360955584,0,15.7,46,3.9,12,Spring,No Holiday
1788.3827160569235,0,15.2,21,2.9,18,Spring,No Holiday
1409.84898045965,0,13.2,28,2.9,19,Spring,No Holiday
805.2779998985234,0,9.7,45,2,23,Spring,No Holiday
743.6658827847232,504,9.5,40,2.4,0,Spring,No Holiday
402.8559777508087,375,7.1,55,1.8,6,Spring,No Holiday
707.5769181331352,686,13.8,39,2.3,10,Spring,No Holiday
968.8135897927655,990,18.8,27,4.9,14,Spring,No Holiday
1429.12598031503,1664,18.6,22,3.7,17,Spring,No Holiday
1113.7225726714469,772,12.6,16,1.7,23,Spring,No Holiday
938.3769735437254,525,11.4,22,1.5,0,Spring,No Holiday
1073.6872409405787,973,19,15,1.4,13,Spring,No Holiday
1145.7207019964276,1108,18.6,15,0.9,15,Spring,No Holiday
1471.3458765302455,1662,18.1,16,1.4,17,Spring,No Holiday
1571.8837273256916,1641,16.9,19,0.5,19,Spring,No Holiday
972.2292294462131,664,14.8,27,2.1,0,Spring,No Holiday
867.6699225888202,513,14.1,25,1.8,1,Spring,No Holiday
132.12388461917314,52,8.1,94,1.2,11,Spring,No Holiday
441.3645755013875,445,8.9,87,1.8,16,Spring,No Holiday
128.04504943100727,254,6.7,80,2.8,2,Spring,No Holiday
-44.59609964988189,65,5.8,85,1.3,5,Spring,No Holiday
444.0692909587463,223,5.8,83,1.1,7,Spring,No Holiday
436.5506930695664,582,10.3,62,2.1,10,Spring,No Holiday
687.5552120706477,1229,13.5,46,3.4,13,Spring,No Holiday
949.873522910037,464,9.6,66,1.7,21,Spring,No Holiday
579.3516139031043,467,8.6,69,2.2,23,Spring,No Holiday
87.49939941572418,75,5.9,68,0.7,4,Spring,No Holiday
719.4633068783702,700,12.4,34,1.2,10,Spring,No Holiday
786.0037778499254,855,14.1,32,1.3,11,Spring,No Holiday
341.69207997693474,164,7.8,49,1,3,Spring,No Holiday
260.1177502672328,110,7.6,52,0.4,4,Spring,No Holiday
796.4993705954935,731,14.7,31,1.1,10,Spring,No Holiday
1362.9324788826355,1632,18.3,29,4.3,17,Spring,No Holiday
1746.8963360545754,1727,17.1,31,3.3,18,Spring,No Holiday
725.55522719985,1083,6.4,51,1,7,Spring,No Holiday
901.0818135985633,845,15.5,22,1.4,11,Spring,No Holiday
1378.2011364521347,1738,17.8,26,3.3,17,Spring,No Holiday
854.4610525170795,671,10.7,42,0.9,23,Spring,No Holiday
1234.1277068186284,20,9.6,39,0.8,8,Spring,No Holiday
1009.0750076178334,919,17.8,21,2.7,12,Spring,No Holiday
1093.3378727732606,996,20.5,17,3.1,14,Spring,No Holiday
1455.1851986835431,1489,17.4,34,2.2,19,Spring,No Holiday
429.7676563934744,414,11.2,63,0.7,6,Spring,No Holiday
941.9646955550783,962,15.8,42,0.9,9,Spring,No Holiday
1212.8711265119173,1080,26.1,27,1.8,15,Spring,No Holiday
1571.2153540862753,1578,22.9,35,1.8,19,Spring,No Holiday
1404.2221403723058,1358,21.1,43,1.8,20,Spring,No Holiday
1300.2198982792283,1213,19.2,50,1.5,21,Spring,No Holiday
877.9383155321193,891,17.3,57,0.6,23,Spring,No Holiday
1616.5358363653286,2032,23.2,12,3.6,17,Spring,No Holiday
682.3693418758153,155,14.6,42,0.5,6,Spring,No Holiday
941.6218138207142,247,16.9,45,0.9,9,Spring,No Holiday
940.487987342027,842,20.5,35,1.1,13,Spring,No Holiday
835.6628885254062,24,12,86,2.3,21,Spring,No Holiday
269.22789576771805,41,10.6,87,2.3,1,Spring,No Holiday
123.99959628153294,21,10.2,90,2.2,2,Spring,No Holiday
-59.840352486939864,2,9.5,95,2.4,4,Spring,No Holiday
111.81729169922764,5,9.1,95,2.7,6,Spring,No Holiday
366.9657147442195,213,9.8,86,1.3,0,Spring,No Holiday
650.3543889047952,925,15.2,57,1.9,12,Spring,No Holiday
1339.1802168814327,1580,13.3,37,1.2,19,Spring,No Holiday
1164.040946238271,1332,12.6,49,0.8,20,Spring,No Holiday
1152.5294573863166,1372,11.5,47,1.1,21,Spring,No Holiday
1090.9462069881738,1215,10.4,43,0.7,22,Spring,No Holiday
464.1202150522201,444,8.4,58,1.1,1,Spring,No Holiday
1232.7136160512393,1900,8.8,37,0.9,8,Spring,No Holiday
921.1442363026131,938,17.5,25,1.3,11,Spring,No Holiday
1351.6093077125215,1593,15.9,35,1.4,21,Spring,No Holiday
680.3662757823919,1124,10.7,68,0.8,7,Spring,No Holiday
1312.0251705666985,1891,15.2,45,3.3,19,Spring,No Holiday
1084.9418498729478,1447,13.4,60,2.2,21,Spring,No Holiday
289.6664594211717,258,10.7,63,1.1,3,Spring,No Holiday
181.91694512174917,170,9.9,69,1.1,5,Spring,No Holiday
374.2550640369447,427,9.9,66,1.5,6,Spring,No Holiday
1119.2808613115276,1922,11.6,58,1.4,8,Spring,No Holiday
1324.7194159864748,1812,18.7,53,2.7,19,Spring,No Holiday
1324.5565138752156,1499,16.9,41,3.1,20,Spring,No Holiday
1069.8522320490051,647,12.7,67,0.6,8,Spring,No Holiday
1215.1110807011214,1945,20.4,25,4.7,16,Spring,No Holiday
1343.8932037377074,1435,15.1,34,2.2,20,Spring,No Holiday
534.8241445742663,554,11.2,57,1.6,1,Spring,No Holiday
425.7517628957043,425,10.9,56,1.2,2,Spring,No Holiday
227.63301062595366,138,9.7,63,1.1,5,Spring,No Holiday
374.3271955267209,183,9.5,65,1,6,Spring,No Holiday
1839.6930054841155,1950,20.1,28,3.2,18,Spring,No Holiday
1436.616396122763,1712,18.1,38,2.8,19,Spring,No Holiday
1316.7533386803873,1485,16.9,42,2.7,20,Spring,No Holiday
745.1251318391487,569,14.7,54,1.3,0,Spring,No Holiday
343.0269549062156,185,14.8,63,0.7,5,Spring,No Holiday
712.0655619342539,742,19.5,54,1.1,10,Spring,No Holiday
990.798972797265,1168,24.1,48,2.7,15,Spring,No Holiday
696.8906149334399,1024,20.7,67,1.1,9,Spring,Holiday
575.0083384533183,1315,22.1,67,2.7,12,Spring,Holiday
613.7179630198543,1493,23,63,3.1,13,Spring,Holiday
1111.2908250828075,1696,21.2,68,1.5,19,Spring,Holiday
572.585783387765,413,19.6,75,2.1,1,Spring,No Holiday
260.5557520046705,93,18.4,81,0.4,4,Spring,No Holiday
223.06344721661554,76,18.4,87,0.8,5,Spring,No Holiday
618.5297419718742,102,17.6,94,0.5,7,Spring,No Holiday
951.5140206819167,555,17.5,94,0.9,8,Spring,No Holiday
355.91051966624246,327,17.2,96,0.9,13,Spring,No Holiday
1184.0587342087138,518,13.6,89,2.3,18,Spring,No Holiday
735.1624813604318,299,10.4,85,3.7,22,Spring,No Holiday
339.64901522062104,361,8.7,86,3.1,0,Spring,No Holiday
1235.3419809271466,1663,13.3,49,3.6,19,Spring,No Holiday
562.8419303145565,624,10,63,2.1,0,Spring,No Holiday
450.1239797276606,480,9.7,63,2.1,1,Spring,No Holiday
184.72696755903584,138,9.5,66,1.1,4,Spring,No Holiday
760.3144444693954,1260,9.5,55,2.1,7,Spring,No Holiday
1349.6345938271147,1857,18.1,30,4.6,17,Spring,No Holiday
1219.2398390350738,1389,14.1,46,3.4,20,Spring,No Holiday
1040.4511721216277,1256,12.7,55,2,22,Spring,No Holiday
580.6223339114545,716,12.1,54,1.3,1,Spring,No Holiday
368.1057568622892,252,12.1,51,1.6,4,Spring,No Holiday
1140.2381934508403,1837,23.8,29,4.7,15,Spring,No Holiday
1288.7190990563201,1562,19.7,53,2,20,Spring,No Holiday
872.366285267444,1097,19.1,62,3.6,23,Spring,No Holiday
350.95763130692666,74,17.3,82,2.1,2,Spring,No Holiday
80.89769321401884,11,15.4,96,0.3,5,Spring,No Holiday
336.32119049286956,71,15.7,96,1.1,12,Spring,No Holiday
452.4381564642866,384,17.2,85,1.3,14,Spring,No Holiday
1192.0198939021502,1639,19,70,0.7,19,Spring,No Holiday
1004.7329232845645,1450,16.8,79,0.6,21,Spring,No Holiday
271.9685707903422,404,14.8,85,0.4,2,Spring,No Holiday
221.12493265159054,249,14.7,82,0.8,3,Spring,No Holiday
693.6874062078883,737,15.9,72,0.5,9,Spring,No Holiday
814.8214954028979,1167,20.2,45,1.1,11,Spring,No Holiday
585.1579356017279,430,16,64,1,1,Spring,No Holiday
772.4088849712812,792,20,48,1.9,10,Spring,No Holiday
890.7608397771924,1117,21.7,44,2.1,13,Spring,No Holiday
1399.6256484378587,2241,17.9,42,2.1,19,Spring,No Holiday
761.2693545498139,767,12.2,57,1.9,23,Spring,No Holiday
649.3686046955885,552,11.6,57,1.9,0,Spring,No Holiday
665.8601321637698,0,14.5,63,0.9,0,Spring,No Holiday
1075.6290810505368,0,15.5,74,3.6,19,Spring,No Holiday
532.5499529634453,0,12.4,85,1.1,23,Spring,No Holiday
209.76097781795642,378,12.1,85,1.4,2,Spring,No Holiday
126.71295924274656,252,12,86,0.9,3,Spring,No Holiday
842.8339492484387,1161,20,47,1.4,12,Spring,No Holiday
854.774986445412,1174,21,47,2.2,14,Spring,No Holiday
1244.9323458209096,1863,18.9,45,2.6,17,Spring,No Holiday
1305.718209972243,1999,17.1,51,2.5,19,Spring,No Holiday
350.8345501470705,207,15,61,0.8,4,Spring,No Holiday
629.1059480712369,43,13.3,81,1.5,7,Spring,No Holiday
244.39598126736877,19,12.6,97,0.6,13,Spring,No Holiday
340.20442878558475,17,13.3,97,0.8,15,Spring,No Holiday
469.5486763889931,34,13.8,97,0.7,16,Spring,No Holiday
161.23412100828537,189,14.5,97,2.9,2,Spring,No Holiday
495.6829021172518,220,13.7,98,1.6,7,Spring,No Holiday
252.58290783176187,377,12.4,94,1.3,1,Spring,No Holiday
4.124212987198934,121,11.9,94,1.3,4,Spring,No Holiday
1319.538260367863,1891,24.4,51,1.9,17,Spring,No Holiday
1187.343825286106,1885,20.5,67,1.4,21,Spring,No Holiday
630.3034599326696,764,18.1,77,0.5,0,Spring,No Holiday
711.5645901592762,1239,16.2,79,1.2,7,Spring,No Holiday
1189.1104009532419,2059,18.4,68,1.1,8,Spring,No Holiday
962.61377703534,1148,20.8,53,0.8,9,Spring,No Holiday
992.728153988977,944,24.8,36,1.8,11,Spring,No Holiday
1848.2696662646417,2915,27.5,47,2.5,18,Spring,No Holiday
1438.735780997885,1958,26.3,53,1,20,Spring,No Holiday
888.9017957618278,662,24.4,63,0.8,0,Spring,No Holiday
743.1294536037782,502,24.1,67,0.5,1,Spring,No Holiday
306.3739260282737,124,22.3,86,0.5,4,Spring,No Holiday
327.8614197969624,78,21.8,97,1.3,2,Spring,No Holiday
471.83710216664684,467,21.7,96,0.8,12,Spring,No Holiday
569.7047138437549,186,22.8,95,1.6,15,Spring,No Holiday
906.7443136663055,131,22.7,96,0.4,17,Spring,No Holiday
851.536313352513,26,20.2,98,0.5,22,Spring,No Holiday
562.3935252931851,210,16.6,98,0.6,7,Spring,No Holiday
280.25522796105025,454,16.3,97,1,10,Spring,No Holiday
907.3253741585315,1551,17.2,81,1.2,17,Spring,No Holiday
1017.2678684254037,1386,16.2,76,2.1,20,Spring,No Holiday
1018.7709275840723,1263,15.3,73,2.3,21,Spring,No Holiday
580.1708821171225,689,12.2,67,1.2,0,Spring,No Holiday
397.46474250653074,676,11.4,74,1.3,1,Spring,No Holiday
795.7481578988895,1290,19,44,1.4,11,Spring,No Holiday
1236.6279490305958,2479,24.5,34,1.5,16,Spring,No Holiday
580.919486116751,190,11.6,46,0.8,6,Spring,No Holiday
1939.1772776434073,2403,22.2,22,1.8,18,Spring,No Holiday
1069.4431770781498,943,15.8,30,1.1,23,Spring,No Holiday
804.1835107514767,200,11.9,0,1.3,5,Spring,No Holiday
961.2878544835205,467,11.4,0,0.9,6,Spring,No Holiday
1285.3986002428478,1135,12.3,0,0.9,7,Spring,No Holiday
1000.0296798841671,1483,23.4,36,2.8,14,Spring,No Holiday
1319.180342693731,2450,19.5,56,1.6,19,Spring,No Holiday
746.4734552918021,1273,16.3,70,0.7,23,Spring,No Holiday
583.8534627657463,1119,20.7,55,1.8,10,Spring,Holiday
700.3477593011594,1407,22.8,53,1.4,14,Spring,Holiday
822.6900715727071,45,17.6,93,0.3,19,Spring,Holiday
819.5773040906352,30,17.2,85,1.4,20,Spring,Holiday
992.7680051785142,1183,22,33,3.4,14,Spring,No Holiday
747.7195286752866,778,13.7,51,1.3,0,Spring,No Holiday
313.2428271287275,265,12.1,64,0.8,3,Spring,No Holiday
250.29165575506437,161,11.7,64,1.6,4,Spring,No Holiday
255.14573444726017,205,11.3,64,1.2,5,Spring,No Holiday
976.6590361410475,1087,22.1,36,5.3,12,Spring,No Holiday
992.5516107091855,1059,23.2,36,4.9,14,Spring,No Holiday
1353.2125782193236,1902,20,46,2.6,20,Spring,No Holiday
784.6011793244674,831,17.6,57,1.8,0,Spring,No Holiday
231.47285650429154,201,14.3,75,0.6,5,Spring,No Holiday
396.23870690871496,531,13.8,74,0.7,6,Spring,No Holiday
1003.6798133094296,959,23.1,30,2.5,11,Spring,No Holiday
1287.0304822357452,1533,24.3,27,4.1,16,Spring,No Holiday
1492.3326508306645,2013,23.6,28,3.1,17,Spring,No Holiday
901.5742279291408,1209,17.6,55,0.5,23,Spring,No Holiday
904.1796614000151,1010,23.2,41,1.1,10,Spring,No Holiday
474.079492211503,423,18.5,62,0.8,3,Spring,No Holiday
432.159844055516,208,17.9,59,1.3,4,Spring,No Holiday
1327.8713069880562,608,18.3,51,2,8,Spring,No Holiday
1518.6626194437654,2207,21.7,38,2.1,19,Spring,No Holiday
1340.0288351557033,1729,19.5,46,1.8,21,Spring,No Holiday
796.1446863353383,770,17.3,55,0.7,0,Spring,No Holiday
1069.927253458461,641,16.2,0,0.5,6,Spring,No Holiday
925.4290724347136,986,25.1,45,0.9,11,Spring,No Holiday
1528.2427518267618,2656,24.4,44,2.8,19,Spring,No Holiday
991.0555711099857,1247,20.9,53,1.6,23,Spring,No Holiday
633.5843136137285,466,20.2,56,2.3,2,Spring,No Holiday
830.7208384714784,1103,24.2,58,1.5,13,Spring,No Holiday
1572.8694927196639,2154,23.1,68,2.9,18,Spring,No Holiday
951.8897864779302,1121,19.9,85,1.7,22,Spring,No Holiday
658.0781169161904,742,19.5,89,1.7,23,Spring,No Holiday
271.23493132361904,238,18.4,86,0.6,3,Spring,No Holiday
248.45633211539013,239,18.4,84,0.6,5,Spring,No Holiday
420.6129389476051,505,18.6,84,0.7,6,Spring,No Holiday
722.9864133341129,1150,18.9,85,0.6,7,Spring,No Holiday
1084.5346402120722,1937,19.3,83,0.6,8,Spring,No Holiday
695.3273567126969,975,22.8,66,2.7,11,Spring,No Holiday
841.3991530902399,1134,24,56,2.6,13,Spring,No Holiday
1802.876497808386,3251,23.6,42,2.1,18,Spring,No Holiday
535.1110124218027,844,15.8,82,1.6,0,Spring,No Holiday
210.43143677541508,328,15,84,1.3,3,Spring,No Holiday
145.59680563496363,188,14.8,85,0.7,4,Spring,No Holiday
174.28541547899232,265,14.4,82,1.2,5,Spring,No Holiday
749.6786936805671,1401,14.9,71,0.9,7,Spring,No Holiday
1179.7388796682644,2281,16.9,65,1.6,8,Spring,No Holiday
846.5926005333148,963,20.1,63,1.1,0,Summer,No Holiday
711.3720857289912,776,19.5,65,0.4,1,Summer,No Holiday
517.0276842079586,672,17.5,76,1.2,6,Summer,No Holiday
1410.7323593598546,1488,29.9,34,3.2,16,Summer,No Holiday
1613.0594889833399,2123,29.2,35,4.3,17,Summer,No Holiday
1579.024900970603,2163,25,39,2.8,20,Summer,No Holiday
528.6549833919372,475,18.9,63,1.5,3,Summer,No Holiday
1406.3912212110322,898,20.4,54,1,8,Summer,No Holiday
1111.6084979208108,1094,27.3,35,2.3,11,Summer,No Holiday
1374.6593390995924,1535,29.8,24,2.9,15,Summer,No Holiday
1717.3796807373355,2025,28.9,22,2.7,17,Summer,No Holiday
1697.8988732129376,2337,25.4,33,2.7,19,Summer,No Holiday
1552.0788512390936,2338,23.4,38,2.3,20,Summer,No Holiday
1049.1601885513405,1490,20.6,52,0.5,23,Summer,No Holiday
903.270317701179,1248,19.7,55,2,0,Summer,No Holiday
619.7199771742012,673,18.6,60,1.8,2,Summer,No Holiday
500.30483523624605,437,18,64,1.3,3,Summer,No Holiday
426.3224751662501,294,17.4,65,0.8,4,Summer,No Holiday
1016.9773964341945,423,18,54,0.7,7,Summer,No Holiday
1283.6061100937509,1399,29.8,26,2.2,14,Summer,No Holiday
746.9777310561799,351,20.1,49,0.8,2,Summer,No Holiday
1118.8170533154364,1249,25.5,43,2.9,15,Summer,No Holiday
1427.4343734925187,2190,24.9,46,2,17,Summer,No Holiday
930.1380133176422,1354,21.4,68,2.7,23,Summer,No Holiday
786.2315017817699,927,20.5,71,2.8,0,Summer,No Holiday
459.1043867358999,314,19.1,72,0.6,3,Summer,No Holiday
1238.7609856884008,1250,29,38,3.4,15,Summer,No Holiday
1952.3585049976853,3227,27.1,40,2.8,18,Summer,No Holiday
1438.8097908375405,2404,23.3,51,1.7,21,Summer,No Holiday
418.9253001539987,351,18.5,73,1.1,6,Summer,Holiday
1111.5919392660219,1940,27.9,47,2.8,16,Summer,Holiday
1320.1221213624453,2104,27.4,48,2.7,17,Summer,Holiday
675.4578774818683,978,19.6,82,1.7,0,Summer,No Holiday
248.1598621077913,191,18.1,88,1.8,4,Summer,No Holiday
1136.4210239230742,2317,18.9,82,2.3,8,Summer,No Holiday
696.461643222285,914,22,69,2,10,Summer,No Holiday
1340.334346026225,1442,29.3,41,2,16,Summer,No Holiday
534.7426528168523,769,18.8,84,1.7,1,Summer,No Holiday
352.5200930798195,365,18.6,83,2.9,3,Summer,No Holiday
307.1016811777402,255,18.5,82,2,4,Summer,No Holiday
332.7165328430246,299,18.6,81,0.8,5,Summer,No Holiday
1263.6661910047424,2348,19.7,69,2,8,Summer,No Holiday
891.9498965120098,1256,23.1,56,1.6,12,Summer,No Holiday
1425.9730846684156,2797,24.5,63,3.1,19,Summer,No Holiday
808.3901505537699,1672,20,79,1.4,23,Summer,No Holiday
358.6661953203958,535,19.1,84,0.6,3,Summer,No Holiday
1373.346821983086,963,21.9,62,0.9,8,Summer,No Holiday
908.9472353789839,313,18.4,68,0.6,7,Summer,No Holiday
880.232292571868,786,19.2,65,1.4,9,Summer,No Holiday
969.7752966001888,1752,24.2,48,1.2,13,Summer,No Holiday
1778.1300390810795,2367,24.1,53,1.3,18,Summer,No Holiday
892.5198715926413,918,20.3,58,1.4,0,Summer,No Holiday
767.0707100400217,555,19.8,59,1.3,1,Summer,No Holiday
504.0498746492821,324,18.8,61,1.2,5,Summer,No Holiday
667.9087636866477,807,18.6,61,0.8,6,Summer,No Holiday
1089.6401778963664,1307,22.2,48,1.7,9,Summer,No Holiday
904.4963134774566,1240,22.2,60,1.3,15,Summer,No Holiday
1083.520993295025,1647,19,82,1,21,Summer,No Holiday
1064.1524501978909,1117,19,76,0.1,22,Summer,No Holiday
444.1505405999314,454,17.7,92,0.9,1,Summer,No Holiday
803.0738787922529,1573,17.1,77,1.5,7,Summer,No Holiday
965.5686685409437,1317,21.1,60,0.9,9,Summer,No Holiday
1030.015339411368,1246,25.6,45,2.2,14,Summer,No Holiday
1437.2927993238536,2873,23.1,58,2.4,19,Summer,No Holiday
436.6587727508347,591,18.5,73,1,3,Summer,No Holiday
375.13245335594837,290,18.6,76,0.4,5,Summer,No Holiday
819.1316486106291,1269,23,57,2.2,10,Summer,No Holiday
951.2064940394089,1834,24.9,52,1.8,13,Summer,No Holiday
688.3117515752391,94,19.4,97,0.9,7,Summer,No Holiday
619.6487978263019,175,19.1,96,0.6,9,Summer,No Holiday
779.2269487674735,1056,22.8,67,1.2,13,Summer,No Holiday
982.9338811616583,1292,24.6,57,1.8,15,Summer,No Holiday
1409.2511618136823,1856,23.6,63,0.6,19,Summer,No Holiday
993.6919515850052,1035,25.3,48,1.8,13,Summer,No Holiday
1371.2047930948604,2337,21.4,54,1.5,21,Summer,No Holiday
1000.2604729776832,1593,19.6,55,1.4,23,Summer,No Holiday
605.3760566862768,764,17.9,60,0.8,2,Summer,No Holiday
943.6764756189071,583,17,60,1.1,7,Summer,No Holiday
1106.8739407665441,1704,26.2,37,1.2,13,Summer,No Holiday
1206.0322726984857,1995,22.8,69,1.7,22,Summer,No Holiday
408.7410280485951,491,19.9,80,1.6,3,Summer,No Holiday
308.2431961116185,238,19,85,0.8,5,Summer,No Holiday
1302.8820137245352,2429,23.1,67,2.1,20,Summer,No Holiday
1306.8631204882047,1177,30.5,34,2.8,15,Summer,No Holiday
2041.631237080512,746,29.2,35,2.7,18,Summer,No Holiday
1716.9822030601533,1557,28.1,38,2.6,19,Summer,No Holiday
844.1121147423667,937,23.7,56,1.6,10,Summer,No Holiday
1019.8412670593551,1224,25.8,48,1.5,12,Summer,No Holiday
1225.0199311218435,1700,26.1,46,3,16,Summer,No Holiday
500.65085205948674,714,19.4,83,1.6,6,Summer,No Holiday
868.0844796987952,1629,20,77,1.7,7,Summer,No Holiday
691.0364703942656,1002,22.2,70,3.1,10,Summer,No Holiday
854.6454507573717,1100,23.7,56,2.4,11,Summer,No Holiday
961.932896621499,1252,25.2,53,3.3,12,Summer,No Holiday
1824.1342450591835,3384,27,55,3.1,18,Summer,No Holiday
1468.0461234469753,2741,25.6,61,2.7,19,Summer,No Holiday
782.4154103077842,1401,20.1,82,3.6,23,Summer,No Holiday
472.88255124286775,539,20.2,82,0.9,2,Summer,No Holiday
385.74132677404384,394,20,83,1.7,3,Summer,No Holiday
291.1524490537195,215,19.6,87,1.2,4,Summer,No Holiday
340.5171135807495,308,19.4,82,2.1,5,Summer,No Holiday
1008.4044057070086,1360,22.7,59,2,9,Summer,No Holiday
1942.7262258113276,3418,27.8,43,3,18,Summer,No Holiday
1349.912511975804,2436,23.8,63,1.5,21,Summer,No Holiday
1016.8659009105887,1497,21.9,59,2.6,23,Summer,No Holiday
933.9846517430839,1529,18.8,66,1.1,7,Summer,No Holiday
1143.7486718287148,1284,24.2,47,1.2,9,Summer,No Holiday
1431.8693592684097,1203,31.9,23,1.8,15,Summer,No Holiday
1455.2555319949997,1466,30.8,31,3.8,16,Summer,No Holiday
1130.5512497745217,1322,22.7,36,1.5,0,Summer,No Holiday
672.1100706538041,375,21.6,47,0.4,4,Summer,No Holiday
665.9177793922531,339,21.1,48,0.3,5,Summer,No Holiday
1067.3024353791989,1064,25.8,35,1.5,10,Summer,No Holiday
1150.1575993526571,1229,27.5,31,1.9,11,Summer,No Holiday
879.5760358755263,1402,22.5,77,2.7,23,Summer,No Holiday
320.4898568205289,235,20.3,87,1,5,Summer,No Holiday
1256.182907991532,1064,31.6,34,2.9,14,Summer,No Holiday
1360.392353530445,1213,31.8,31,3.4,15,Summer,No Holiday
652.3781198556811,585,22.5,80,1.1,1,Summer,No Holiday
537.0457354718181,424,22.3,80,0.8,2,Summer,No Holiday
432.47165107891124,264,22,83,0.5,3,Summer,No Holiday
373.60926555283555,338,21.5,84,0.3,5,Summer,No Holiday
1226.6861969602664,1073,31.2,36,2,13,Summer,No Holiday
1698.2273685448727,2779,29.8,45,1.5,19,Summer,No Holiday
1428.763216679126,2046,27.4,55,0.3,22,Summer,No Holiday
645.9586364353416,19,20.3,96,1.1,9,Summer,No Holiday
438.5983169536886,11,20.4,97,1.4,11,Summer,No Holiday
580.042963891046,65,21.5,97,0.6,15,Summer,No Holiday
1422.2046449308884,156,24.1,95,4.4,18,Summer,No Holiday
976.0100863523495,443,22.4,95,4.1,22,Summer,No Holiday
592.4499515333433,513,20.5,94,3.7,0,Summer,No Holiday
459.4809518307938,254,20,96,3,1,Summer,No Holiday
209.48984570809085,162,19.1,97,1.2,5,Summer,No Holiday
638.4957485177739,1238,20,96,1.6,9,Summer,No Holiday
1271.9794792348305,2200,23.3,71,1.3,21,Summer,No Holiday
613.2775255914519,1068,22.2,84,0.3,1,Summer,No Holiday
910.9615591092961,766,25.2,81,3.6,16,Summer,No Holiday
1063.3187042987292,944,20.9,97,1,19,Summer,No Holiday
705.9368231922357,931,21.7,96,0.3,23,Summer,No Holiday
400.8766318160385,345,22.2,96,0.8,2,Summer,No Holiday
746.8511442213586,883,22,97,0.9,7,Summer,No Holiday
787.3465107930193,1195,22.9,86,1.7,9,Summer,No Holiday
884.8939032280832,1117,26.8,65,2,13,Summer,No Holiday
979.2521487573372,1175,27.8,57,2.1,14,Summer,No Holiday
853.7137819773523,1552,23.5,83,1.4,23,Summer,No Holiday
734.9863553280292,1275,23,84,1.9,0,Summer,No Holiday
613.9137367139218,1070,22.6,85,0.3,1,Summer,No Holiday
859.5988017187998,862,24.2,81,0.9,9,Summer,No Holiday
734.337567985714,933,25.1,73,0.9,10,Summer,No Holiday
674.1640433123872,1144,25.6,87,1.7,13,Summer,No Holiday
874.3261083956993,1235,27.5,69,0.5,14,Summer,No Holiday
1240.5716162153813,1291,27.4,75,2.3,17,Summer,No Holiday
483.66298238916676,60,22.3,93,0.6,6,Summer,No Holiday
456.89377481277734,11,21.2,97,1.2,11,Summer,No Holiday
586.6558406739181,51,21.8,97,0.7,15,Summer,No Holiday
713.0402305633067,41,22.2,97,1.1,16,Summer,No Holiday
1093.9203675561946,18,21.9,96,1.2,19,Summer,No Holiday
483.2141693182131,28,21.3,97,1,1,Summer,No Holiday
414.5843491896319,40,20.7,97,0.3,6,Summer,No Holiday
450.58013195642144,27,21.4,97,0.6,10,Summer,No Holiday
533.8754812646488,218,22.4,97,1,12,Summer,No Holiday
325.64437523596774,233,22.8,98,0,3,Summer,No Holiday
935.3624431909833,1156,25.7,76,0.8,9,Summer,No Holiday
806.3734644421655,818,27.6,71,1.6,10,Summer,No Holiday
1077.0205894941553,994,31.2,54,1.3,13,Summer,No Holiday
1926.3150225740121,2965,32.2,57,1.8,18,Summer,No Holiday
1570.29903245158,2598,30.4,62,0.9,19,Summer,No Holiday
597.9757252931962,747,24,84,0.1,6,Summer,No Holiday
1041.021999765489,1191,27.4,68,0.5,9,Summer,No Holiday
1257.2099251558727,1306,31.6,57,2.7,16,Summer,No Holiday
956.0606067602664,1432,24.7,74,1.4,23,Summer,No Holiday
619.9142098779296,438,23.5,80,0.3,6,Summer,No Holiday
898.6989176839356,929,28.1,67,1.1,13,Summer,No Holiday
1003.443888576574,1011,28.8,66,0.9,15,Summer,No Holiday
586.8514943036928,403,22.6,66,1.5,3,Summer,No Holiday
1005.5988033157486,1318,23.3,61,1.7,9,Summer,No Holiday
1003.0892743662732,1209,27,52,2.1,14,Summer,No Holiday
509.54199005287126,273,19.8,63,1.4,5,Summer,No Holiday
1026.6170735066564,567,19.6,57,1.6,7,Summer,No Holiday
1440.2930294597782,832,21.2,52,1.6,8,Summer,No Holiday
952.1489580594771,1129,25,48,1.5,11,Summer,No Holiday
1084.7911932022578,1399,27.5,43,2,13,Summer,No Holiday
1433.116462222037,2235,23.4,52,1.4,21,Summer,No Holiday
932.6506149881211,1053,23.8,47,2.1,11,Summer,No Holiday
1036.813620253072,1442,26.1,45,1.8,13,Summer,No Holiday
1098.4008112560703,1517,27.1,41,1.4,14,Summer,No Holiday
1500.8869551734629,2266,27.4,44,1.7,17,Summer,No Holiday
813.7388951983202,554,23.7,64,0.8,1,Summer,No Holiday
688.197565195095,387,22.7,63,0.9,2,Summer,No Holiday
530.3001685688563,301,21.1,64,1.5,5,Summer,No Holiday
696.5522412304449,486,21,64,1,6,Summer,No Holiday
346.2861820839804,84,20.5,98,0.5,2,Summer,No Holiday
274.9776948173498,136,20.6,98,0.8,3,Summer,No Holiday
244.11258336939392,174,20.6,97,0.6,5,Summer,No Holiday
744.0355494868912,1209,21.1,95,0.4,7,Summer,No Holiday
761.9120065158722,1142,25.5,77,0.8,14,Summer,No Holiday
998.4255573722139,1462,26.3,74,0.7,16,Summer,No Holiday
1188.3756970218715,1352,25.1,86,0.3,21,Summer,No Holiday
672.272427810297,240,24.6,96,0.7,0,Summer,No Holiday
371.1566330711544,157,24.5,97,0.8,3,Summer,No Holiday
318.0615332392819,71,24.5,97,1,4,Summer,No Holiday
806.2405480021736,303,24.6,97,0.3,7,Summer,No Holiday
1436.0755277091575,2328,28.2,72,1.6,19,Summer,No Holiday
746.2485927753495,787,26.6,80,0,1,Summer,No Holiday
557.2546381354566,593,25.6,93,1.1,6,Summer,No Holiday
643.8223906875701,746,26.7,88,1.6,10,Summer,No Holiday
786.330309310334,991,27.4,80,2.7,12,Summer,No Holiday
818.808327124963,976,27.8,76,3.1,14,Summer,No Holiday
899.7499156018405,1163,28,76,2.3,15,Summer,No Holiday
1652.6718215307872,3016,27.5,77,2.1,18,Summer,No Holiday
1368.552653799461,2313,27.4,78,1.1,19,Summer,No Holiday
759.2836524481422,1006,25.1,87,0.4,0,Summer,No Holiday
823.0251346400221,887,27.5,70,2.4,11,Summer,No Holiday
1185.599995057332,1879,26.7,82,1.3,22,Summer,No Holiday
561.4669253998628,783,25.3,85,1.7,2,Summer,No Holiday
456.4100205070589,307,25.1,82,1.5,4,Summer,No Holiday
1014.4262296544475,909,27,70,1.1,9,Summer,No Holiday
1515.0370603355768,1433,31.5,53,3.7,17,Summer,No Holiday
1593.2835524687175,1797,30.4,59,2.4,19,Summer,No Holiday
693.1140027856287,868,25.5,83,2.3,1,Summer,No Holiday
1361.3539306592306,613,26.2,75,0.9,8,Summer,No Holiday
1006.1980488922712,715,27,71,1,9,Summer,No Holiday
1942.2047100085672,1466,32.2,55,2.4,18,Summer,No Holiday
1586.6111309963794,1847,31.2,62,2.1,19,Summer,No Holiday
1087.3021449023872,1014,28,64,1,9,Summer,No Holiday
1159.3630718795564,719,32.4,49,2,12,Summer,No Holiday
1288.0335600260448,745,33.4,44,3.1,15,Summer,No Holiday
1386.9873499271096,818,33.3,46,3.1,16,Summer,No Holiday
621.9519249674779,713,24,81,0.9,6,Summer,No Holiday
1055.9550304068243,803,30.8,57,2.3,12,Summer,No Holiday
1080.447221750471,763,31.1,53,3.2,13,Summer,No Holiday
1921.7994055701536,2770,31.3,55,2.5,18,Summer,No Holiday
1615.942966466008,2326,30.6,57,1.4,19,Summer,No Holiday
1391.4388613509816,2273,27.9,69,1.9,21,Summer,No Holiday
725.7016198144864,741,25.7,80,0.2,1,Summer,No Holiday
586.1666489438052,526,25.2,82,0.4,2,Summer,No Holiday
599.5910292725,695,23.7,83,0.1,6,Summer,No Holiday
919.4833221339283,722,28.9,61,1.5,10,Summer,No Holiday
1120.9770880395033,778,32.1,51,2.3,13,Summer,No Holiday
1599.6676881495093,1596,32.6,46,2.8,17,Summer,No Holiday
1439.8715608551674,2202,28.8,66,1.9,20,Summer,No Holiday
592.3419333590189,591,24.8,80,1.5,2,Summer,No Holiday
387.5533540740337,329,23.6,88,0.2,5,Summer,No Holiday
971.5984644087794,695,29.4,56,2.2,10,Summer,No Holiday
1181.714267907807,722,33.1,47,2.5,14,Summer,No Holiday
1421.669632277878,1017,33.7,43,2.7,16,Summer,No Holiday
1494.4494237869144,2114,29.8,62,2.9,20,Summer,No Holiday
1410.9941546547,2122,28.8,69,2.4,21,Summer,No Holiday
1411.6425633996564,1896,26.6,70,1.3,8,Summer,No Holiday
956.9116621864913,641,29.8,59,1.2,10,Summer,No Holiday
1146.9847349914041,822,32.6,51,2.1,12,Summer,No Holiday
1655.6748231060599,1468,34.3,44,2.1,17,Summer,No Holiday
1518.6244837431843,1869,29.8,59,1.4,21,Summer,No Holiday
929.5062252183243,1132,27.5,73,1.1,0,Summer,No Holiday
685.3398240086124,381,24.9,76,0,6,Summer,No Holiday
1472.2351649676607,1588,29.4,55,1.4,22,Summer,No Holiday
1198.7466760113507,1288,28.8,56,1.6,23,Summer,No Holiday
1227.4301838154356,526,30.5,54,0.9,9,Summer,No Holiday
1375.912412456602,569,36.7,33,1.8,13,Summer,No Holiday
1614.7032799110075,771,37.8,31,2.5,16,Summer,No Holiday
811.2889937396411,174,29.3,51,0.9,4,Summer,No Holiday
930.4038956265063,652,29.2,58,1.7,6,Summer,No Holiday
1605.938640934518,1889,30,56,0.9,8,Summer,No Holiday
1068.4757529316225,636,31.8,51,1.5,10,Summer,No Holiday
1413.6652438711346,960,34.8,47,2.2,16,Summer,No Holiday
723.0062115570435,332,28.2,65,0.3,3,Summer,No Holiday
644.5903583161726,218,27.8,67,0.2,4,Summer,No Holiday
1057.7253068230848,610,32.4,54,0.9,10,Summer,No Holiday
1169.1318321641493,620,33.9,46,1.6,11,Summer,No Holiday
1671.09749583076,1968,33.1,57,2.2,19,Summer,No Holiday
1099.9586299212315,995,29.4,66,2.5,9,Summer,No Holiday
1280.975880065596,1767,28.8,76,2.8,22,Summer,No Holiday
674.1074140922262,498,27.6,78,0.1,2,Summer,No Holiday
555.9594096529969,306,27.4,78,0.8,5,Summer,No Holiday
732.2661726111878,602,27.4,77,0.7,6,Summer,No Holiday
1011.3098467583126,1273,29,79,1.2,23,Summer,No Holiday
661.6543592653329,647,27.2,85,0.1,6,Summer,No Holiday
1404.7689287154035,1763,28.5,76,0.9,8,Summer,No Holiday
1087.5233428007168,934,29.9,69,1.5,9,Summer,No Holiday
1057.990152529262,619,32.7,56,1.9,11,Summer,No Holiday
1422.786386094449,1565,30.7,73,2.8,20,Summer,No Holiday
1396.3894762653956,1547,30.3,75,1.1,21,Summer,No Holiday
681.8358633401749,656,28.8,80,1.9,2,Summer,No Holiday
1110.3783027966226,741,34.2,58,1.8,13,Summer,No Holiday
1344.2617471902333,1211,29.1,78,1.1,21,Summer,No Holiday
1304.91031076493,1158,29,74,0.9,22,Summer,No Holiday
1044.8613753865902,1039,28.6,74,0.7,23,Summer,No Holiday
1106.5277173063448,473,32.4,48,1.9,10,Summer,No Holiday
1208.0489874409884,644,33.8,47,1.7,12,Summer,No Holiday
1404.6104048321588,713,35.9,37,1.9,15,Summer,No Holiday
1768.5139305532348,895,36.3,36,1.5,17,Summer,No Holiday
1670.0402191527537,1697,32.3,48,1.4,20,Summer,No Holiday
1648.4740400041976,1638,31.1,47,1.3,21,Summer,No Holiday
1472.6404081421863,665,37.8,34,1.8,15,Summer,No Holiday
1679.3270221476441,1772,33.5,50,2.1,20,Summer,No Holiday
902.8303987556468,724,29.9,70,1,1,Summer,No Holiday
791.2231649304122,501,29.5,69,0.8,2,Summer,No Holiday
1278.862157078662,853,32.4,53,0.7,9,Summer,No Holiday
1383.2694256912187,475,38.7,38,2.4,14,Summer,No Holiday
2133.2649906706138,1929,37.8,47,3.8,18,Summer,No Holiday
1467.5383194383028,1367,32.6,64,2.4,22,Summer,No Holiday
845.7566644301085,459,31.5,68,0,2,Summer,No Holiday
1691.8986412257536,1579,31.6,50,1.1,8,Summer,No Holiday
1168.1560493886227,549,34.4,46,2,10,Summer,No Holiday
1551.2710174378217,676,37.9,39,1.6,16,Summer,No Holiday
1725.1884542161501,1066,37.4,44,2.3,17,Summer,No Holiday
1620.949282710389,1480,33.9,58,2.4,20,Summer,No Holiday
1212.7007568757567,1020,32.4,64,1.7,23,Summer,No Holiday
961.0890488139711,675,31.7,68,0.3,1,Summer,No Holiday
665.9947402978353,236,31,73,0.5,4,Summer,No Holiday
1654.2690879612755,1471,31.8,55,1.3,8,Summer,No Holiday
1336.693356709111,575,37.4,40,2.8,14,Summer,No Holiday
1479.7118878668737,763,36.7,44,3.5,16,Summer,No Holiday
822.0377100912627,435,29.7,57,1.5,3,Summer,No Holiday
728.5625792470914,234,29.2,62,2.1,5,Summer,No Holiday
1204.991301490017,405,29.4,62,1.9,7,Summer,No Holiday
1210.5462222666329,598,31.3,58,1.9,9,Summer,No Holiday
1620.3537351757182,901,34.3,48,3.4,17,Summer,No Holiday
1987.9877180883411,1044,33.2,52,3.7,18,Summer,No Holiday
1645.3391500541031,1277,32,57,2.9,19,Summer,No Holiday
496.5818238043129,253,27.3,83,2.2,4,Summer,No Holiday
678.8038821445173,222,27.3,83,1.4,6,Summer,No Holiday
789.9966322936937,461,29.5,78,2,10,Summer,No Holiday
1075.9327348207867,565,32.5,59,3.4,12,Summer,No Holiday
1097.6914552629498,600,33,56,3.5,13,Summer,No Holiday
1301.1068790117554,818,33.6,57,3.5,16,Summer,No Holiday
1279.0772390413936,1286,29.1,77,3,22,Summer,No Holiday
791.4053820758612,455,28.7,80,1.5,1,Summer,No Holiday
902.8099921059543,614,28.4,87,1.7,9,Summer,No Holiday
910.5660678217168,569,31.3,70,1,11,Summer,No Holiday
1174.650357632591,646,33.6,58,3.6,15,Summer,No Holiday
1596.9567963915438,1063,35,53,1.5,17,Summer,No Holiday
1890.313360089149,1956,32.8,63,1.3,18,Summer,No Holiday
1585.858424952082,1548,32.2,65,0.8,19,Summer,No Holiday
675.1677126732033,278,27.6,69,0.9,3,Summer,No Holiday
624.2545909104318,201,27.3,68,0.7,4,Summer,No Holiday
1443.3473589612313,855,35.4,45,2.6,16,Summer,No Holiday
636.815553647906,489,28.3,84,2.1,2,Summer,No Holiday
565.9472532060372,322,28.3,84,0.5,3,Summer,No Holiday
1119.529104482364,920,30.2,66,1.4,9,Summer,No Holiday
1065.2266536342934,624,32.7,55,2.7,11,Summer,No Holiday
1478.4420600790368,839,35.1,40,2.6,16,Summer,No Holiday
1413.3847438218197,1783,29.7,71,3.2,21,Summer,No Holiday
531.2027358766924,292,27.8,82,1,5,Summer,No Holiday
1012.3331070779767,1088,27.9,81,1.8,7,Summer,No Holiday
1116.981665535381,977,29.4,64,2.3,9,Summer,No Holiday
955.9140779909355,659,30.8,63,2.4,11,Summer,No Holiday
1590.5689315349039,1850,28.1,86,2.3,18,Summer,No Holiday
607.1360330149125,484,26.9,84,0.8,2,Summer,No Holiday
1253.1291344992028,658,35.1,44,1.6,14,Summer,No Holiday
1744.2441613232872,1903,33.4,49,2.6,19,Summer,No Holiday
617.7112511602325,266,27.4,69,1,4,Summer,No Holiday
778.8196624497773,355,26.5,69,0.8,6,Summer,No Holiday
1175.371991772947,672,29.7,58,1.3,9,Summer,No Holiday
1168.580337841774,759,33.2,50,2.3,12,Summer,No Holiday
1795.6661422433062,1482,33.8,44,2.2,19,Summer,No Holiday
1688.9593013340022,1469,32.8,47,1.9,20,Summer,No Holiday
1530.4786337685712,1351,31.3,53,2.3,22,Summer,No Holiday
819.5481474936207,261,27.2,66,0.9,6,Summer,No Holiday
1170.172539531006,316,27.4,61,0.6,7,Summer,No Holiday
2020.575335117199,1225,33.4,49,1.6,18,Summer,No Holiday
1487.445361825815,1117,32,76,2.1,19,Summer,No Holiday
518.9587654568925,196,27.7,88,0.5,3,Summer,No Holiday
426.96169011560244,151,27.1,91,0.9,4,Summer,No Holiday
1139.1789653394724,724,33.4,54,2.6,12,Summer,No Holiday
1244.7953964361502,709,34,51,1.8,15,Summer,No Holiday
658.9920937366461,345,28.4,73,1.4,3,Summer,No Holiday
617.5821694380942,209,28.1,71,0.4,4,Summer,No Holiday
792.3413398607308,643,27.8,71,0.1,6,Summer,No Holiday
1222.0897292775035,944,31,56,0.8,9,Summer,No Holiday
1067.9753057931912,636,32.4,54,1.9,11,Summer,No Holiday
1424.6602407358976,700,37.2,38,2.5,15,Summer,No Holiday
890.5694525897463,1034,30,67,0.8,0,Summer,Holiday
654.2909368568112,676,29.5,68,0.4,2,Summer,Holiday
1122.7123285215,563,32,53,1.6,9,Summer,Holiday
1269.259971333545,1301,28.7,76,0.7,19,Summer,Holiday
991.9024446023136,808,28.4,68,0.9,0,Summer,No Holiday
1090.1270657536043,1105,27.6,71,1.2,7,Summer,No Holiday
1248.2107983950352,668,34.5,44,2.2,12,Summer,No Holiday
1289.3857380755699,652,35.1,39,2,13,Summer,No Holiday
1702.864524067119,1384,33.8,37,2.2,17,Summer,No Holiday
947.4300969397897,842,23.4,47,2.1,1,Summer,No Holiday
623.0786789009047,276,22.1,54,1.6,4,Summer,No Holiday
1558.8950025551298,1918,23.5,44,1.7,8,Summer,No Holiday
1271.2500596726375,904,30.3,30,1.9,12,Summer,No Holiday
1842.4234397509135,2353,31,31,1.5,19,Summer,No Holiday
1591.4678275043982,2008,27.1,43,1.6,21,Summer,No Holiday
1478.9571387862568,1787,26,45,1.7,22,Summer,No Holiday
787.3733267088669,698,23.4,53,1.1,2,Summer,No Holiday
626.24974217004706,316,22.6,55,1.4,4,Summer,No Holiday
743.5407289795894,397,21.6,60,1,6,Summer,No Holiday
1074.3238962112546,475,21.7,57,1.3,7,Summer,No Holiday
1275.3621201784913,1003,31.1,30,1.5,13,Summer,No Holiday
1269.341718981707,1121,31,31,1.8,14,Summer,No Holiday
1368.6357155500357,1196,31.7,30,1.9,15,Summer,No Holiday
1581.242044983533,1965,27.6,46,1.2,20,Summer,No Holiday
1543.8557154330945,1886,26.8,48,0.9,21,Summer,No Holiday
1505.1569195690092,1395,33.3,32,2.4,16,Summer,No Holiday
879.8828442844566,527,26.6,64,0.2,1,Summer,No Holiday
624.0307985549989,193,26.2,65,1.1,4,Summer,No Holiday
601.3821457690955,281,25.7,68,0.8,5,Summer,No Holiday
1159.743062239772,993,27.5,54,1,9,Summer,No Holiday
1270.106157501941,992,32.9,45,1.9,15,Summer,No Holiday
1996.0794192422748,2628,31.6,47,2.1,18,Summer,No Holiday
818.8146232726144,376,27.6,60,4.3,2,Summer,No Holiday
882.4285881140838,827,27.1,66,2.6,13,Summer,No Holiday
1264.6628207302329,1112,30.4,53,2,16,Summer,No Holiday
1509.6296632220747,1663,30.8,52,2.3,17,Summer,No Holiday
1344.996263418167,760,36.2,36,1.5,14,Summer,No Holiday
1434.5189067347917,842,36.8,36,1,15,Summer,No Holiday
864.0286250368387,304,29.7,52,1.4,3,Summer,No Holiday
1545.8534813417682,1678,28.1,58,1.3,8,Summer,No Holiday
1023.4450264584289,740,30.5,59,2,14,Summer,No Holiday
1268.9646377218658,944,31.7,56,1.9,16,Summer,No Holiday
1227.6249685168289,578,24.4,86,1.7,8,Summer,No Holiday
741.2278757850812,355,25.8,81,3.2,12,Summer,No Holiday
600.2527128709205,152,24.4,93,2.9,14,Summer,No Holiday
1049.660401961887,403,24.1,89,1.9,17,Summer,No Holiday
438.3157758598844,306,23.2,79,1.8,4,Summer,No Holiday
454.00242449360167,232,23.3,79,1.7,5,Summer,No Holiday
941.8157341469775,916,28,57,3.3,11,Summer,No Holiday
1006.5507798899386,1070,27.9,55,2.9,12,Summer,No Holiday
1051.205921380805,1261,29.2,52,3.1,14,Summer,No Holiday
653.0864624679272,769,22.5,80,0.6,1,Summer,No Holiday
407.2925661923623,426,21.6,85,0.1,3,Summer,No Holiday
1277.26999224868,566,22.1,74,1,8,Summer,No Holiday
1001.4612339900831,725,24.2,64,1.2,9,Summer,No Holiday
917.5903908639593,782,24.3,64,1.8,15,Summer,No Holiday
1304.4697911732908,1276,22.5,65,1.1,21,Summer,No Holiday
1070.561519311745,764,21.2,81,1,22,Summer,No Holiday
785.2613675570799,348,20.8,84,0.9,23,Summer,No Holiday
229.27594587037208,27,20.5,97,0.1,4,Summer,No Holiday
456.76800317194585,104,21.7,97,1,10,Summer,No Holiday
292.87245600952537,200,22.6,95,0.4,4,Summer,No Holiday
835.830546916079,1182,22.6,88,0.8,7,Summer,No Holiday
776.6493275027707,60,25,97,0.7,16,Summer,No Holiday
1006.9737312043757,39,24.8,96,1.8,17,Summer,No Holiday
449.89672763168414,171,24.5,87,4.3,3,Summer,No Holiday
413.621624613123,109,24.6,87,3.6,5,Summer,No Holiday
719.2079844815605,642,26.4,78,2.7,10,Summer,No Holiday
851.164075750598,648,27.4,72,4.2,12,Summer,No Holiday
993.0547403194532,193,27,76,3.8,16,Summer,No Holiday
1004.8825451657864,74,24.3,97,2.1,22,Summer,No Holiday
778.1143881711364,198,24.2,94,0.9,23,Summer,No Holiday
313.7723030479597,42,23.9,96,0.4,4,Summer,No Holiday
1149.4211855312676,1330,24.6,96,1,8,Summer,No Holiday
689.0439135917538,589,26.1,81,1.5,10,Summer,No Holiday
938.6267175106364,982,27.2,69,3.5,15,Summer,No Holiday
1243.3772186066412,1473,26.8,73,2.6,17,Summer,No Holiday
1662.5748509617326,1887,26.1,72,2.4,18,Summer,No Holiday
1230.1031830060622,1582,24.6,71,1.5,22,Summer,No Holiday
704.505848930843,652,23.7,77,1.1,1,Summer,No Holiday
570.7489249657524,381,23.4,79,0.4,2,Summer,No Holiday
405.1197157662815,170,23.2,83,1.6,4,Summer,No Holiday
957.7854780325301,1049,24.1,69,0.9,9,Summer,No Holiday
1495.7551117335493,1869,29.1,49,2.8,17,Summer,No Holiday
1421.917639175734,2372,26.5,69,2.3,19,Summer,No Holiday
511.94186429235435,362,20.9,87,0.7,6,Autumn,No Holiday
870.0860944796691,511,21.1,81,1,7,Autumn,No Holiday
1074.6161626059875,925,24.1,56,2.1,9,Autumn,No Holiday
1029.2058717002883,981,27.6,47,1.2,11,Autumn,No Holiday
1215.9515709177108,1480,30,45,0.9,15,Autumn,No Holiday
1577.449326214253,1845,29.6,42,1.3,17,Autumn,No Holiday
1952.262859999545,1892,28.8,46,1.3,18,Autumn,No Holiday
1548.8195408579152,1440,26.9,49,2.1,20,Autumn,No Holiday
671.5230879897221,249,20.2,66,1,6,Autumn,No Holiday
1216.0806526398492,1550,29.3,43,1.5,15,Autumn,No Holiday
1490.938938477784,1838,26.9,56,1.6,20,Autumn,No Holiday
542.2292175131172,153,24,70,1.2,4,Autumn,No Holiday
552.8461618534895,264,23.9,70,1.5,5,Autumn,No Holiday
710.4450481855544,656,23.8,71,1.2,6,Autumn,No Holiday
813.5381252604006,719,23.6,86,1.2,9,Autumn,No Holiday
1369.337661849012,113,21.9,97,1.8,18,Autumn,No Holiday
706.5812974380824,486,21.7,97,0.8,23,Autumn,No Holiday
602.4267725463228,500,21.4,97,0.1,0,Autumn,No Holiday
233.06371532763632,186,20.4,97,2.7,4,Autumn,No Holiday
952.393598848605,995,25.8,57,2.8,12,Autumn,No Holiday
945.3176208782637,997,26.5,58,2.8,13,Autumn,No Holiday
1294.5975274063383,1856,22.2,58,1.5,22,Autumn,No Holiday
869.893894319349,983,21.1,64,1.5,0,Autumn,No Holiday
743.2544343547731,748,20.9,66,1.1,1,Autumn,No Holiday
529.3077816408676,676,19.8,82,0.5,6,Autumn,No Holiday
1183.9624046103909,1131,28.1,43,5.1,15,Autumn,No Holiday
1260.3151536251976,2024,23.9,75,2.3,21,Autumn,No Holiday
855.1708356242874,941,25.9,63,2.5,11,Autumn,No Holiday
1138.3336518533768,1089,27.8,48,3,15,Autumn,No Holiday
1322.0305569274904,1900,25.1,71,3.6,20,Autumn,No Holiday
1317.641668715843,1851,24.6,70,2.5,21,Autumn,No Holiday
637.1936797165253,624,20.2,70,1.6,6,Autumn,No Holiday
973.5416169881089,1213,24.2,50,3.8,12,Autumn,No Holiday
1594.2183522757873,2365,22.6,39,2.8,19,Autumn,No Holiday
1045.345996025691,1363,19.4,50,2.8,23,Autumn,No Holiday
540.5622220608599,504,17.8,60,0.2,3,Autumn,No Holiday
548.9747664374125,322,16.2,70,0.3,6,Autumn,No Holiday
847.1854978976337,511,16,70,1.1,7,Autumn,No Holiday
1153.6443048265292,1505,26.1,32,3,13,Autumn,No Holiday
1581.4352346742617,2167,27.2,35,1.7,17,Autumn,No Holiday
1059.8593530937894,1142,20.7,52,1.4,23,Autumn,No Holiday
645.4196434986651,589,18.1,57,0.3,2,Autumn,No Holiday
1352.301129384613,2099,27.1,35,0.9,16,Autumn,No Holiday
919.0517733372834,792,20.7,57,1.8,0,Autumn,No Holiday
1326.9777815185114,1467,27.5,39,1.5,16,Autumn,No Holiday
1920.731656231504,3298,25.9,42,1.1,18,Autumn,No Holiday
1070.055711912841,1223,20.8,51,1.7,23,Autumn,No Holiday
704.1476625563886,435,18.9,52,1.1,2,Autumn,No Holiday
1036.6732952669888,1234,19.8,49,1.9,9,Autumn,No Holiday
1869.170601246139,3222,24.7,45,0.7,18,Autumn,No Holiday
1432.702314235169,2018,22.2,50,1.3,21,Autumn,No Holiday
1330.7408584136506,1868,21.6,52,1.9,22,Autumn,No Holiday
498.78164797021884,215,18,59,1.5,4,Autumn,No Holiday
492.3060196637692,241,17.5,60,1.6,5,Autumn,No Holiday
1074.7259114167916,1165,26.3,44,1.2,12,Autumn,No Holiday
1308.3394419250583,1494,27.8,42,1.7,16,Autumn,No Holiday
1544.441892532254,2129,27.8,41,1.9,17,Autumn,No Holiday
1928.3336182144176,3256,27,44,1.4,18,Autumn,No Holiday
639.1796254797792,437,21.2,66,0.8,2,Autumn,No Holiday
956.4485211947333,1448,20.5,69,1.4,7,Autumn,No Holiday
1309.7685673105168,2329,20.9,68,1.3,8,Autumn,No Holiday
819.7158625428063,972,23.5,61,1.2,11,Autumn,No Holiday
1267.551412191749,1436,28.2,48,1.4,16,Autumn,No Holiday
1463.7032574000204,2021,27.9,51,1.4,17,Autumn,No Holiday
1820.5742074037948,3146,26.7,56,1.8,18,Autumn,No Holiday
1327.4307976820637,2000,23.8,67,0.6,21,Autumn,No Holiday
898.001244724805,1456,20.5,76,1.3,7,Autumn,No Holiday
953.7026514203031,1155,26.4,57,1.2,13,Autumn,No Holiday
1149.16064465152,1503,26.3,57,1.6,16,Autumn,No Holiday
390.35722724546326,169,21.1,82,0.8,5,Autumn,No Holiday
1245.4988805029461,829,21.7,78,0.3,8,Autumn,No Holiday
891.2544442894524,1077,25.2,71,0.2,15,Autumn,No Holiday
965.5111051036786,1273,24.4,74,0.6,16,Autumn,No Holiday
757.5123639262475,1014,22.8,82,1.5,0,Autumn,No Holiday
405.3426436020711,258,22.6,89,0.6,3,Autumn,No Holiday
350.1376971908744,188,22.5,89,0.7,4,Autumn,No Holiday
510.74897142329485,137,22,90,1.3,6,Autumn,No Holiday
770.4953197417569,258,21.9,95,1.3,7,Autumn,No Holiday
685.5903785149858,813,22.9,74,1.3,10,Autumn,No Holiday
1425.5903734495287,520,21.5,89,3,18,Autumn,No Holiday
1161.0860437113859,852,21.2,87,2.7,19,Autumn,No Holiday
837.3126414655316,571,21.3,80,2.6,23,Autumn,No Holiday
334.2084237664635,246,19.4,84,1.6,5,Autumn,No Holiday
1190.4013013705564,2276,18.9,77,0.6,8,Autumn,No Holiday
911.2798113203686,1185,20.5,66,1.1,9,Autumn,No Holiday
775.1834131886579,868,21.7,60,1.7,10,Autumn,No Holiday
1255.300336283009,1207,27.4,33,2.7,15,Autumn,No Holiday
1515.4529387969894,2056,27.3,43,2.6,17,Autumn,No Holiday
1787.636310754469,3277,25.3,56,2.8,18,Autumn,No Holiday
1401.9230242845265,2489,23,63,3.1,19,Autumn,No Holiday
758.9660146966872,0,19.5,73,1.2,0,Autumn,No Holiday
348.06741061460036,0,18.3,78,0.4,4,Autumn,No Holiday
934.7740551949407,0,20.8,64,1.1,9,Autumn,No Holiday
1046.2215079383407,0,24.7,43,1.8,12,Autumn,No Holiday
1076.1362776529033,0,25.6,40,2.5,13,Autumn,No Holiday
1117.812706817509,0,26.1,37,2.3,14,Autumn,No Holiday
441.9027175904398,0,19.5,70,0.5,4,Autumn,No Holiday
425.01693045271315,0,19.3,73,0.9,5,Autumn,No Holiday
1311.9283554139242,0,21.7,63,1.8,21,Autumn,No Holiday
899.2978612787537,886,20.1,58,0.3,0,Autumn,No Holiday
478.5262746405458,294,19.6,72,1.7,3,Autumn,No Holiday
409.399818851669,241,19.6,74,1.4,4,Autumn,No Holiday
682.26122520523,130,18,95,1.6,7,Autumn,No Holiday
428.8947715148271,111,18.8,95,1.5,11,Autumn,No Holiday
516.2740499976646,180,19,91,1.7,12,Autumn,No Holiday
515.0204823649652,301,18.9,89,2.6,13,Autumn,No Holiday
579.6966128041228,573,19.3,83,2.3,14,Autumn,No Holiday
1067.3410506815337,784,18.7,84,2.7,21,Autumn,No Holiday
1119.6683373245216,1551,20,82,0.4,20,Autumn,No Holiday
1038.849952255477,1493,19.7,82,0.5,22,Autumn,No Holiday
440.7585654195626,655,19.4,85,0,2,Autumn,No Holiday
1217.0815297852164,1814,25.4,32,3.8,15,Autumn,No Holiday
1531.4692588142261,1743,21.3,43,2.8,19,Autumn,No Holiday
1328.5189875746214,1502,19.4,55,0.8,21,Autumn,No Holiday
880.2057143491646,1108,17.9,66,1,23,Autumn,No Holiday
776.8598562499214,534,18.4,59,1,9,Autumn,Holiday
628.2249613688881,764,20.1,57,3,11,Autumn,Holiday
1097.9528114277869,1366,25,28,2.2,15,Autumn,Holiday
877.697879632152,310,17,43,2.1,9,Autumn,Holiday
1705.5253132846838,1237,20.3,35,2.4,18,Autumn,Holiday
1111.3122278510778,958,16.6,47,3.9,22,Autumn,Holiday
352.02210436659436,292,13.4,62,0.2,2,Autumn,Holiday
129.2062230100046,105,11.5,70,0.5,5,Autumn,Holiday
772.4957585218084,853,20.1,40,1.6,11,Autumn,Holiday
891.1129113845814,1045,21.7,36,2,12,Autumn,Holiday
1355.916037986562,2033,22.9,33,1.4,17,Autumn,Holiday
1720.0386703527824,1885,21.6,37,1,18,Autumn,Holiday
1220.6922081581124,1565,18.5,48,1,21,Autumn,Holiday
1098.3380346984911,1418,17.7,52,1,22,Autumn,Holiday
919.6238207779147,335,16.3,62,2,7,Autumn,No Holiday
1077.388715211428,1686,23.4,34,2.1,13,Autumn,No Holiday
1475.6961487238755,2349,23.6,38,1.4,17,Autumn,No Holiday
1034.7867707858607,934,17.4,46,2.1,23,Autumn,No Holiday
412.6681612244039,207,13.9,60,0.6,5,Autumn,No Holiday
868.6915790289156,1364,13.2,60,0.5,7,Autumn,No Holiday
998.3280015041609,1120,17.7,48,1.5,9,Autumn,No Holiday
1027.1000824710031,1191,23,39,1.7,13,Autumn,No Holiday
1400.2221385979462,2098,19.5,47,1.2,20,Autumn,No Holiday
582.5011214650686,0,14.4,61,1.2,6,Autumn,No Holiday
879.8048915582322,0,14.5,62,1.5,7,Autumn,No Holiday
822.5381090844168,0,19.1,53,1.4,13,Autumn,No Holiday
1678.8704245144932,0,20.4,56,1.7,18,Autumn,No Holiday
768.1217114341694,513,14.7,76,0.8,7,Autumn,No Holiday
1217.940998394603,848,15.7,65,1.2,8,Autumn,No Holiday
884.6243549299503,1284,22.3,50,1.3,11,Autumn,No Holiday
1017.7296912602001,1495,23.8,44,1.7,12,Autumn,No Holiday
1154.2519616700306,1892,26.2,33,1.8,14,Autumn,No Holiday
1450.6776134614422,1835,21.3,46,0.1,20,Autumn,No Holiday
1255.829822533266,1501,19.3,55,0.5,22,Autumn,No Holiday
837.6695291964759,0,18.1,60,0.2,0,Autumn,No Holiday
351.7825688300213,0,16.6,73,0.3,4,Autumn,No Holiday
449.3739993562932,0,15.5,80,0.4,6,Autumn,No Holiday
900.578917558089,0,18.5,62,0.5,9,Autumn,No Holiday
1503.7227502942792,0,17.1,35,2.9,19,Autumn,No Holiday
901.8978274349471,0,14.1,53,2.1,23,Autumn,No Holiday
786.0581270098677,680,14.1,55,2.6,0,Autumn,No Holiday
659.7020040901903,402,13.9,57,2,1,Autumn,No Holiday
477.49462561057123,179,13.6,56,1.6,3,Autumn,No Holiday
431.5746566053414,246,13.7,57,1.8,5,Autumn,No Holiday
1263.2790162206145,2101,13.7,54,2.4,8,Autumn,No Holiday
927.0772394988282,1138,18.4,40,3.5,12,Autumn,No Holiday
817.5697184554857,1087,17.6,49,4.7,13,Autumn,No Holiday
971.3795069121235,1137,19.3,36,3.5,14,Autumn,No Holiday
1036.678805341138,1357,17.7,47,3.4,16,Autumn,No Holiday
1172.7174141691703,1824,15.4,63,2.1,20,Autumn,No Holiday
171.61180834185703,0,11.2,80,0.3,4,Autumn,No Holiday
630.1656582470144,0,10.4,81,0.3,7,Autumn,No Holiday
761.9714719910498,0,13.9,66,1.6,9,Autumn,No Holiday
1219.0910885878686,0,21.7,36,3.2,16,Autumn,No Holiday
1212.7501434010785,0,16.8,62,2,20,Autumn,No Holiday
1052.6693531137582,0,15.5,69,0.8,22,Autumn,No Holiday
493.28500705494116,1040,14.5,74,0.4,0,Autumn,Holiday
742.7188341921874,0,13.2,75,0.8,7,Autumn,No Holiday
936.5878363391447,0,21.3,41,1.9,11,Autumn,No Holiday
1054.4396963573092,0,23.2,38,1.7,12,Autumn,No Holiday
690.6195758792796,735,18.6,66,1.7,1,Autumn,No Holiday
534.4287066205942,329,18,61,1.8,3,Autumn,No Holiday
509.05013827904656,221,17.7,57,1.3,4,Autumn,No Holiday
520.3754252316653,223,17.6,57,1.1,5,Autumn,No Holiday
470.60753683971825,23,16.6,90,1.7,12,Autumn,No Holiday
830.0318494549887,66,16.9,97,2.1,17,Autumn,No Holiday
1260.9120628862972,74,16.7,96,1.6,18,Autumn,No Holiday
920.42904276135,44,16.5,96,2.7,20,Autumn,No Holiday
196.38885018755104,0,16.7,93,2.8,5,Autumn,No Holiday
611.334319150784,941,19.3,79,3.6,14,Autumn,No Holiday
1143.2385736122374,589,14.6,71,1,8,Autumn,No Holiday
1428.8015767530408,2255,19.4,32,3.2,17,Autumn,No Holiday
1486.2203533375234,1608,16.6,36,1.4,19,Autumn,No Holiday
1374.6870318489132,1385,14.4,36,1,21,Autumn,No Holiday
295.38816272025053,215,9.8,63,0.5,5,Autumn,No Holiday
677.484440930212,1206,9.2,72,1,7,Autumn,No Holiday
1024.6680595481246,1238,19.2,31,0.5,12,Autumn,No Holiday
1325.4845478717514,1838,15.5,45,2.2,20,Autumn,No Holiday
618.186542858644,0,12.6,54,0.2,0,Autumn,Holiday
280.60723777519877,0,11.4,65,1.1,2,Autumn,Holiday
796.2881503840315,1006,13.7,43,3.4,12,Autumn,No Holiday
853.074402939725,1171,13.7,44,3.9,15,Autumn,No Holiday
981.9241079431126,1363,13.8,43,3.7,16,Autumn,No Holiday
338.31402617647126,341,7.1,64,0.9,2,Autumn,No Holiday
649.3267539039781,792,10.2,44,2.3,10,Autumn,No Holiday
1041.646401115084,1284,13.8,36,2.9,16,Autumn,No Holiday
1255.161569214765,1685,13.2,36,3.6,17,Autumn,No Holiday
1302.94806661289,1614,11.1,43,2,19,Autumn,No Holiday
715.822532776157,857,8.4,60,1.5,23,Autumn,No Holiday
133.23134863520005,168,6.2,71,1.1,4,Autumn,No Holiday
133.3685971116229,183,6,72,1.3,5,Autumn,No Holiday
1024.2442919350005,1322,17.1,33,2.1,15,Autumn,No Holiday
1130.5914327209605,1488,16.9,34,1.2,16,Autumn,No Holiday
1302.5406914424132,1902,16.3,39,1.7,17,Autumn,No Holiday
558.7128468180582,835,9.1,69,0.9,0,Autumn,No Holiday
923.9960834339797,1402,16.6,36,0.7,12,Autumn,No Holiday
1049.8248579676347,1712,19.3,27,1.3,14,Autumn,No Holiday
1166.6211058020278,1312,12.6,56,1.1,21,Autumn,No Holiday
975.6481245213616,1593,18.1,32,1.5,13,Autumn,No Holiday
1203.9592961118174,2097,19.1,31,2.1,16,Autumn,No Holiday
1566.5754120135975,1662,16.2,58,2.4,18,Autumn,No Holiday
1166.6586246757843,1306,14.4,61,2.3,20,Autumn,No Holiday
555.4075234930365,837,14.1,66,0.6,10,Autumn,No Holiday
888.6852805233253,1121,20,48,2.1,14,Autumn,No Holiday
918.7391777594419,1377,14.8,83,1.5,22,Autumn,No Holiday
388.6468990950925,253,11.5,61,1.4,3,Autumn,No Holiday
258.75211470184075,145,11,69,0.6,4,Autumn,No Holiday
734.329000221147,1216,10.2,68,0.4,7,Autumn,No Holiday
1116.200407704536,2134,10.4,63,0.6,8,Autumn,No Holiday
808.0330136867217,1177,11.8,55,0.7,9,Autumn,No Holiday
1012.5793275168004,1108,19.4,31,2,13,Autumn,No Holiday
1204.5955072342872,1407,19.5,32,2.1,16,Autumn,No Holiday
1358.0506893418396,1811,18.4,38,1.8,17,Autumn,No Holiday
1675.8210450813854,2716,16.9,47,1.4,18,Autumn,No Holiday
939.067537855573,961,15.5,25,2.5,11,Autumn,No Holiday
1051.8525807139756,1083,18.3,24,1.7,14,Autumn,No Holiday
475.8908113334848,579,9,66,0.7,1,Autumn,No Holiday
118.12953318877146,165,8.1,78,0.6,4,Autumn,No Holiday
620.8800955128739,864,13.7,57,1.2,10,Autumn,No Holiday
882.5881027333381,1152,18.1,43,2.2,13,Autumn,No Holiday
1195.565454578065,1528,13.8,56,1.9,20,Autumn,No Holiday
731.5146457474299,850,13.8,44,1.5,10,Autumn,No Holiday
1106.618215732953,1390,19.7,30,3,15,Autumn,No Holiday
1726.238759543949,2631,16.6,40,2.4,18,Autumn,No Holiday
469.44218221657985,774,10.9,72,0,1,Autumn,No Holiday
148.16269676751648,154,8.1,76,0.6,5,Autumn,No Holiday
838.9252702852781,1175,16.2,39,1.6,11,Autumn,No Holiday
1502.0355549927585,1949,19.2,23,1.5,17,Autumn,No Holiday
1236.4382026014612,1270,13.7,51,1,20,Autumn,No Holiday
1082.8286205745637,1141,12.7,58,0,22,Autumn,No Holiday
562.4174857145165,622,10.6,60,0.5,1,Autumn,No Holiday
706.7605664282286,936,13.4,46,0.8,10,Autumn,No Holiday
1483.8096341663422,1883,18.8,24,2.1,17,Autumn,No Holiday
589.2118745803695,372,10.7,57,0.9,1,Autumn,No Holiday
980.2332785578932,1064,19.4,35,1.2,13,Autumn,No Holiday
1396.604739520333,1860,15.6,44,1.5,19,Autumn,No Holiday
1066.0889220053132,1360,12.7,60,0,22,Autumn,No Holiday
682.2428556843055,726,11.6,61,0.7,0,Autumn,No Holiday
454.5776452656427,652,13.5,82,0.8,13,Autumn,No Holiday
587.5545292594157,837,15.1,71,0.9,14,Autumn,No Holiday
629.6243537270601,876,11.2,78,0.5,23,Autumn,No Holiday
504.77859289488526,708,10.8,80,1,0,Autumn,No Holiday
199.70218655021077,371,9.5,87,1,2,Autumn,No Holiday
879.4288649672852,2108,8.1,85,1.2,8,Autumn,No Holiday
1215.4748708617499,1827,13.9,61,1.9,19,Autumn,No Holiday
659.1673947518111,884,11,74,0.1,23,Autumn,No Holiday
540.8649736698352,729,10.5,75,0.3,0,Autumn,No Holiday
398.3927765030664,572,10,78,0.4,1,Autumn,No Holiday
65.65450233321907,193,7.8,85,0.9,5,Autumn,No Holiday
1751.927568287933,2632,17.3,39,1.3,18,Autumn,No Holiday
1390.2156550928937,1968,16.4,47,1,19,Autumn,No Holiday
642.1870203331235,629,12.7,56,1.2,1,Autumn,No Holiday
370.10499989185007,185,12.6,60,0.6,4,Autumn,No Holiday
552.9290475444336,144,12,86,0.8,9,Autumn,No Holiday
1150.2604622861893,1228,12.9,66,2.5,19,Autumn,No Holiday
340.9970266228567,346,9.1,60,2.8,3,Autumn,No Holiday
273.060869245936,233,8.8,61,2.8,4,Autumn,No Holiday
236.56283857212918,146,8,65,1.6,5,Autumn,No Holiday
724.5549238838125,785,8.3,55,4,9,Autumn,No Holiday
770.3558572746798,1183,10.8,37,4.4,14,Autumn,No Holiday
369.61403970297533,450,6.6,59,0.4,2,Autumn,No Holiday
413.2034350552147,195,7.3,90,1.1,9,Autumn,No Holiday
764.3132154570599,385,12.2,65,1.9,16,Autumn,No Holiday
850.5895107764284,624,8.2,82,2.8,20,Autumn,No Holiday
895.0182143054552,670,7.6,75,1.1,21,Autumn,No Holiday
681.7667963819833,737,10.8,49,2.7,12,Autumn,No Holiday
658.2940015767552,815,10.4,49,2.7,13,Autumn,No Holiday
674.1793638814028,982,3.7,49,1.9,9,Autumn,No Holiday
668.4363413297298,782,7.5,36,1.4,11,Autumn,No Holiday
757.2297105799566,881,8.5,34,1.5,12,Autumn,No Holiday
883.942013012777,965,10.9,33,2.6,15,Autumn,No Holiday
1031.9953185938057,1186,7.6,59,1.1,20,Autumn,No Holiday
784.4687625222401,527,7.7,50,1,23,Autumn,No Holiday
651.9052538584982,818,8.7,41,2.6,11,Autumn,No Holiday
823.0654416970527,963,11.9,34,2.4,14,Autumn,No Holiday
1014.2058087835541,1185,11.8,34,2.3,16,Autumn,No Holiday
1032.5619926836027,1176,7.6,59,0.7,20,Autumn,No Holiday
191.7985791842467,242,4.2,65,0.7,3,Autumn,No Holiday
207.8156800008162,433,2.9,75,0.2,6,Autumn,No Holiday
606.0428579927545,1011,4.7,60,0.9,9,Autumn,No Holiday
915.5787740816942,1040,14.9,31,2.5,14,Autumn,No Holiday
1261.166002932892,1569,13.7,37,1.4,17,Autumn,No Holiday
1594.614840551871,2254,11.8,43,1.3,18,Autumn,No Holiday
1133.1492505076606,1269,9.9,53,1.7,20,Autumn,No Holiday
678.7622480585799,806,7.8,63,0.4,23,Autumn,No Holiday
85.32331271868735,166,5.2,74,1.3,4,Autumn,No Holiday
537.8309599307694,1024,4.1,75,0.8,7,Autumn,No Holiday
851.6742554755263,1023,14.9,40,1.1,12,Autumn,No Holiday
1665.885444163714,2314,14.6,42,1.4,18,Autumn,No Holiday
1116.4489679834307,1146,10.8,57,2,21,Autumn,No Holiday
1035.9440409469366,1106,10,56,2,22,Autumn,No Holiday
507.1908248599885,0,8.5,61,0.2,1,Autumn,No Holiday
240.67885070326264,0,5.5,78,0.6,6,Autumn,No Holiday
528.4098862995337,0,5.2,79,1.3,7,Autumn,No Holiday
775.5399657012471,0,14.5,42,1.6,11,Autumn,No Holiday
993.2947844576701,0,17.8,29,2,13,Autumn,No Holiday
1260.6193135295102,0,16.7,45,2.2,17,Autumn,No Holiday
1196.2724516356031,0,13.4,62,1.6,19,Autumn,No Holiday
609.3569480931583,720,9.1,63,0.6,0,Autumn,No Holiday
156.7951295424453,188,6.9,70,1.5,4,Autumn,No Holiday
139.92452366213294,112,6.6,73,0.3,5,Autumn,No Holiday
1628.4545096540483,1335,14.5,46,2.6,18,Autumn,No Holiday
971.8855596944882,912,11.2,67,1.3,22,Autumn,No Holiday
656.8311613599501,656,10.6,73,1.3,23,Autumn,No Holiday
510.6315501839836,1115,7,86,1.1,7,Autumn,No Holiday
817.0715025006384,971,16.4,48,2.1,12,Autumn,No Holiday
1027.0517150689873,1318,16.8,46,1.8,16,Autumn,No Holiday
175.52645001227685,0,9.4,81,0.3,3,Autumn,No Holiday
661.6575588686829,0,10.1,68,0.2,9,Autumn,No Holiday
812.9811837406074,0,17.4,50,2.4,14,Autumn,No Holiday
1008.5135175615151,0,13,76,0.9,21,Autumn,No Holiday
946.5747986286974,0,12.3,73,1.2,22,Autumn,No Holiday
918.1396196079953,1171,11.3,89,1.1,8,Autumn,No Holiday
354.7918985634083,555,11.9,84,0.9,10,Autumn,No Holiday
620.9617949081409,767,15.5,68,1.4,14,Autumn,No Holiday
987.5779525199117,1115,14.9,73,0.9,17,Autumn,No Holiday
634.6255546987953,395,12.9,70,1.8,0,Autumn,No Holiday
102.03344362809489,50,10.8,87,1.7,4,Autumn,No Holiday
298.89761173819625,18,11.5,95,2.1,13,Autumn,No Holiday
1169.2513360934545,40,12.9,97,0,18,Autumn,No Holiday
754.1947523473493,14,12.4,96,2.7,22,Autumn,No Holiday
195.84357700331282,0,10.6,75,3.2,4,Autumn,No Holiday
626.3406081408848,0,10.4,81,3,7,Autumn,No Holiday
818.345162699802,0,15.1,52,3.4,15,Autumn,No Holiday
1387.122986480887,0,12.3,69,2.1,18,Autumn,No Holiday
987.812289277892,0,11.4,74,1.9,21,Autumn,No Holiday
541.2873847800796,754,11.3,77,0.9,0,Autumn,No Holiday
983.4295959960538,660,8.9,57,3,17,Autumn,No Holiday
1096.4318475244472,711,8.2,53,0.6,20,Autumn,No Holiday
1105.7506686782547,689,8,51,0.5,21,Autumn,No Holiday
268.79780060927806,187,4.8,66,1.6,2,Autumn,No Holiday
906.9737509055382,1699,3.3,69,0,8,Autumn,No Holiday
1005.0680721972168,1193,12.9,38,2.6,16,Autumn,No Holiday
1154.4515239699244,1292,9,48,1.9,20,Autumn,No Holiday
1125.3780934717488,1189,8.5,50,0.5,21,Autumn,No Holiday
761.5515122580043,890,12.8,45,1.8,12,Autumn,No Holiday
950.6626285319179,980,15.3,37,1.8,15,Autumn,No Holiday
1591.8687828500765,2159,11.3,42,1.2,18,Autumn,No Holiday
636.9787689501885,612,7,54,0.9,0,Autumn,No Holiday
470.1053665417897,517,6.5,60,0.5,1,Autumn,No Holiday
226.49085387822254,210,6.1,66,0.5,3,Autumn,No Holiday
664.0480064458917,892,12.1,49,0.8,11,Autumn,No Holiday
794.3477403848813,963,14.2,45,0.9,12,Autumn,No Holiday
1137.9080912255579,1239,9.8,52,0.5,21,Autumn,No Holiday
159.31825958899407,219,6.5,75,1.1,3,Autumn,No Holiday
506.90283645710434,782,8.6,57,0.6,10,Autumn,No Holiday
802.0813785470366,942,13.8,43,0.9,12,Autumn,No Holiday
865.6867509552231,883,15.1,37,1.9,13,Autumn,No Holiday
1096.5353691494547,1123,15.4,34,1.4,16,Autumn,No Holiday
1576.1181694808674,2034,12.1,46,1.4,18,Autumn,No Holiday
1280.940044995483,1448,11.2,46,1.4,19,Autumn,No Holiday
360.05129754929055,376,7.7,63,1,2,Autumn,No Holiday
385.65280155422295,412,7.1,65,0.5,6,Autumn,No Holiday
922.0450409556237,1346,11,70,2.9,17,Autumn,No Holiday
885.7411621265958,995,7.6,76,3.9,20,Autumn,No Holiday
133.66733449979796,456,2.9,77,1.8,2,Autumn,No Holiday
50.817934679399485,288,2.5,77,2.3,3,Autumn,No Holiday
147.73052040806584,151,1,77,0.6,6,Autumn,No Holiday
602.4181704354544,592,3.6,49,0.8,0,Autumn,No Holiday
291.9517572065895,190,5.4,65,0.7,2,Autumn,No Holiday
893.603734360241,1751,3.5,71,0.8,8,Autumn,No Holiday
515.3322304311953,651,7.5,53,0.8,10,Autumn,No Holiday
891.0286739948782,968,9.7,43,2.7,16,Autumn,No Holiday
530.6299181043167,422,2.9,43,1,1,Autumn,No Holiday
972.0708697042859,1818,0.3,53,0.9,8,Autumn,No Holiday
627.8428425464351,659,5.1,33,1.4,10,Autumn,No Holiday
982.5871207049553,790,12.3,16,2.5,14,Autumn,No Holiday
1111.0479313625683,967,11.3,21,2.8,16,Autumn,No Holiday
597.1786157046844,474,6.7,47,2.4,14,Autumn,No Holiday
1110.191703693263,936,5.1,43,0.7,20,Autumn,No Holiday
981.0376826832544,825,4.6,48,2.2,22,Autumn,No Holiday
403.8731240966531,332,-1,41,0.7,6,Autumn,No Holiday
788.9169692728758,717,5.9,23,2.8,12,Autumn,No Holiday
763.416451721307,678,6.5,26,2.4,13,Autumn,No Holiday
1091.3851764220308,1032,3.6,48,2.6,19,Autumn,No Holiday
375.22705209575247,339,-2.6,40,1.4,6,Autumn,No Holiday
981.1860271471047,1516,-3,43,1.1,8,Autumn,No Holiday
692.434852367662,800,-1.5,33,0.9,9,Autumn,No Holiday
830.6585830432083,731,6.5,18,2.2,13,Autumn,No Holiday
1226.2225533109645,1101,5.4,19,0.5,17,Autumn,No Holiday
14.755066853788986,114,1.2,97,2.3,11,Autumn,No Holiday
1027.8552689946875,426,2.6,86,1.1,18,Autumn,No Holiday
761.168961187444,420,2.6,85,1.2,19,Autumn,No Holiday
630.1328259653551,396,2.7,85,1.1,22,Autumn,No Holiday
317.36737853577426,355,2.3,88,1.1,9,Autumn,No Holiday
243.31432571048197,430,4,76,1.3,10,Autumn,No Holiday
512.8092479706371,700,6.9,59,0.9,12,Autumn,No Holiday
1251.4210428526094,663,7.3,72,0.7,18,Autumn,No Holiday
191.9691276382249,214,3.1,84,1,1,Autumn,No Holiday
72.96595647913131,339,1.8,88,1.1,6,Autumn,No Holiday
427.7311785257421,795,3.1,77,0.9,9,Autumn,No Holiday
854.1533953440602,794,13.2,43,1.1,15,Autumn,No Holiday
241.08004876700466,408,4.5,82,0.4,1,Autumn,No Holiday
459.47292162244815,815,3.6,83,0.9,7,Autumn,No Holiday
582.2847834606056,671,11,60,0.9,13,Autumn,No Holiday
1299.2669396225533,1538,10.2,74,1.2,18,Autumn,No Holiday
1186.1004715621882,1023,9.3,52,2.7,19,Autumn,No Holiday
1226.5689909315506,777,7.5,35,1.8,21,Autumn,No Holiday
873.3408677833553,593,5.8,34,2.6,23,Autumn,No Holiday
400.7488874546714,167,3.5,38,1.6,3,Autumn,No Holiday
695.4973926353736,583,4.4,23,1.6,10,Autumn,No Holiday
1345.7312476058144,1039,6,24,3,19,Autumn,No Holiday
1220.7567168951457,842,4.8,29,0.6,20,Autumn,No Holiday
730.0657639409519,517,2.2,30,0.7,0,Autumn,No Holiday
599.6164351276606,485,1.9,32,1.4,1,Autumn,No Holiday
467.0446286684587,328,1.1,39,1.3,6,Autumn,No Holiday
733.2554535876968,825,1.8,37,0.9,9,Autumn,No Holiday
701.6250035372287,623,5.2,26,0.5,11,Autumn,No Holiday
751.365029088861,668,6,27,0.6,14,Autumn,No Holiday
793.2451978193541,652,6.5,32,2.6,15,Autumn,No Holiday
1075.0681291305843,996,5.8,38,1.3,17,Autumn,No Holiday
975.4409409060645,792,3.8,55,2.1,21,Autumn,No Holiday
854.503452670936,726,3,59,1.1,22,Autumn,No Holiday
618.1473799219797,559,2.6,56,1.9,23,Autumn,No Holiday
516.7501412235131,809,-0.4,57,0.6,9,Autumn,No Holiday
1084.8903816428706,694,2.6,39,0.3,21,Autumn,No Holiday
